message,sentiment,predicted
OMEGALUL,1,1
pepeL Clap pepeL Clap pepeL Clap pepeL Clap pepeL Clap,1,1
üèπ ZULUL,1,0
Cata dumbass,-1,-1
D:,0,-1
sums up what happens to moon every night,0,0
HandsUp,1,0
WORDS ARE HARD PogChamp,-1,1
!roulette all,0,0
"@noworries1 Channel sodapoppin has been live for 02h, 48m and 21s",1,0
LMAO WHO DID THIS?!?!?! üòÇ üëå üíØ üî• LMAO WHO DID THIS?!?!?! üòÇ üëå üíØ üî• LMAO WHO DID THIS?!?!?! üòÇ üëå üíØ üî•,1,1
I do :),1,1
PLAT CHAT LUL,1,1
monkaS,0,0
SILVER SCRAPES POGGERS,1,1
6-0,0,0
scarraGASM scarraGASM scarraGASM scarraGASM,1,0
DOKI DONI OMEGALUL STAY! STAY! OMEGALUL TANK DATING SIM OMEGALUL,1,1
EZ,1,1
D üíø C LUL,1,1
D: ASMON D: in that cell,0,-1
:),0,1
you can do it moon moon2CUTE Clap2 moon2S Clap2 moon2A Clap2 moon2N,1,-1
OMEGAROLL,1,0
yes moon2M,1,0
forsenThink,-1,0
@forsen PLAY WITH NANI üò° PLAY WITH NANI üò° PLAY WITH NANI üò° PLAY WITH NANI üò°,0,0
4HEad,0,0
:),0,1
impact pls PogChamp,1,1
I'M CUMMING BAJS MercyWing1 gachiF MercyWing2 . I'M CUMMING BAJS MercyWing1 gachiF MercyWing2,0,0
KKonaW,0,0
gachiBASS,1,1
shaman Pog,0,1
WOOOOOHHOOOO EEEHHHHOOOO,1,0
@PEWDIEPIEATTHEBRIDGE HYPERBRUH,0,-1
Pog,0,1
moon2N lovesMoonMoonsTHICCbutt gave Moon 400 bits. That's cool I guess moon2N,1,0
BRING BACK RACISM PepeHands,-1,-1
"Jesus christ always goes his own way, each and every way he goes is both right and correct @moonmoon_ow",1,0
BibleThump,-1,-1
forsenSWA,-1,0
take ur top off,0,0
I made this game :),1,1
@MOONMOON_OW bow and arrow is useless dont even bother they do jack shit,-1,-1
EU CROWD,0,0
gachiBASS Clap gachiBASS Clap gachiBASS Clap gachiBASS Clap,1,1
He could be a Prime student fool like I am PepeHands,-1,-1
Kapp,0,0
HYPERBRUH,0,-1
JESS PogChamp,1,1
??????????,0,0
Time to smoke again?,0,0
8=======================D,-1,1
Whats up with all these games showing dicks and pussies,-1,0
NAMMERS FeelsGoodMan Clap NAMMERS FeelsGoodMan Clap,1,1
üíï ‚ú® AYAYA Clap üíñ,1,1
:),1,1
forsen1 forsen2,0,0
MOVE CAM üò° MOVE CAM üò° MOVE CAM üò° MOVE CAM üò°,-1,0
forsen1337 WTF NEW EMOTE Pog,-1,1
i love azael lol,-1,1
LUL,1,1
CHEETAN GOD,0,0
DEPLOY SAMME U ZULUL,1,0
HYPERBRUH,1,-1
‚ñë‚ñë‚ñë‚ñë‚ñì‚ñà‚îÄ‚îÄ‚îÄ‚îÄ‚îÄ‚îÄ‚îÄ‚ñÑ‚ñÑ‚ñÄ‚ñÄ‚ñà‚îÄ‚îÄ‚îÄ‚îÄ‚îÄ‚îÄ ‚ñë‚ñë‚ñë‚ñë‚ñí‚ñë‚ñà‚îÄ‚îÄ‚îÄ‚îÄ‚ñÑ‚ñà‚ñí‚ñë‚ñë‚ñÑ‚ñë‚ñà‚îÄ‚îÄ‚îÄ‚îÄ‚îÄ ‚ñë‚ñë‚ñë‚ñë‚ñë‚ñë‚ñë‚ñÄ‚ñÑ‚îÄ‚ñÑ‚ñÄ‚ñí‚ñÄ‚ñÄ‚ñÄ‚ñÑ‚ñÑ‚ñÄ‚îÄ‚îÄDO‚îÄ ‚ñë‚ñë‚ñë‚ñë‚ñë‚ñë‚ñë‚ñë‚ñë‚ñà‚ñí‚ñë‚ñë‚ñë‚ñë‚ñÑ‚ñÄ‚îÄ‚îÄ‚îÄYOU‚îÄ ‚ñí‚ñí‚ñí‚ñë‚ñë‚ñë‚ñë‚ñÑ‚ñÄ‚ñí‚ñë‚ñë‚ñë‚ñë‚ñÑ‚ñÄ‚îÄ‚îÄ‚îÄLIKE‚îÄ ‚ñì‚ñì‚ñì‚ñì‚ñí‚ñë‚ñà‚ñí‚ñë‚ñë‚ñë‚ñë‚ñë‚ñà‚ñÑ‚îÄ‚îÄ‚îÄWHAT‚îÄ ‚ñà‚ñà‚ñà‚ñà‚ñà‚ñÄ‚ñí‚ñë‚ñë‚ñë‚ñë‚ñë‚ñà‚ñë‚ñÄ‚ñÑ‚îÄ‚îÄ‚îÄYOU‚îÄ‚îÄ ‚ñà‚ñà‚ñà‚ñà‚ñà‚ñí‚ñí‚ñë‚ñë‚ñë‚ñí‚ñà‚ñë‚ñë‚ñë‚ñÄ‚ñÑ‚îÄSEE?‚îÄ‚îÄ ‚ñà‚ñà‚ñà‚ñì‚ñì‚ñí‚ñí‚ñí‚ñÄ‚ñÄ‚ñÄ‚ñà‚ñÑ‚ñë‚ñë‚ñë‚ñë‚ñà‚îÄ‚îÄ‚îÄ‚îÄ‚îÄ‚îÄ ‚ñì‚ñà‚ñà‚ñì‚ñí‚ñí‚ñí‚ñí‚ñí‚ñí‚ñí‚ñí‚ñí‚ñà‚ñë‚ñë‚ñë‚ñë‚ñà‚îÄ‚îÄ‚îÄ‚îÄ‚îÄ ‚ñì‚ñì‚ñà‚ñì‚ñí‚ñí‚ñí‚ñí‚ñí‚ñí‚ñì‚ñí‚ñí‚ñà‚ñë‚ñë‚ñë‚ñë‚ñë‚ñà‚îÄ‚îÄ‚îÄ‚îÄ ‚ñë‚ñí‚ñí‚ñÄ‚ñÄ‚ñÑ‚ñÑ‚ñÑ‚ñÑ‚ñà‚ñÑ‚ñÑ‚ñÄ‚ñë‚ñë‚ñë‚ñë‚ñë‚ñë‚ñë‚ñà‚îÄ gachiBASS,1,0
!plugdj,0,0
MLXD,0,0
ACED FF@15,0,1
good game i was the dick sucker :),1,0
xqcLove tealer_gamer just joined the jungle! xqcLove Thanks so much for subbing xqcCat And supporting the stream! xqcCat,1,0
EZ Clap EZ Clap EZ Clap EZ Clap EZ Clap EZ Clap EZ Clap EZ Clap EZ Clap EZ Clap EZ Clap EZ Clap EZ Clap EZ Clap EZ Clap EZ Clap EZ Clap EZ Clap EZ Clap EZ Clap EZ Clap EZ Clap EZ Clap EZ Clap EZ Clap EZ Clap EZ Clap EZ Clap,1,1
sumSmash,-1,0
lololol,1,0
SETTLE DOWN xqcPls,0,0
"Lorem ipsum dolor sit amet, consectetur adipiscing elit. In et nibh nisi. Etiam non arcu ac massa aliquam aliquam non vehicula tortor. Phasellus in laoreet elit, in convallis justo. Sed sollicitudin tellus consequat, sodales nisi quis, iaculis ligula. Nam vehicula, augue ac congue porta, nulla mauris imperdiet tortor, vitae consequat eros nibh id ipsum.",0,0
Mario Music actually makes me worse at platforming PepePls,-1,-1
AYAYA Clap,1,1
change wifi monkaS,0,0
???????????????,0,0
so jatt says ''china sandbagging in group stage'' LUL,0,1
ResidentSleeper,0,-1
OMEGAROLL,1,0
moon2D,-1,0
OBLITERATED moon2H,-1,-1
CHEWING DansGame,0,-1
CARRIED BY RNG LOOT OMEGALUL,1,1
EU GANK LUL,1,1
monkaMEGA,0,0
PepeHands FREE PLEBS PepeHands FREE PLEBS PepeHands FREE PLEBS,-1,1
‚ñë‚ñë‚ñë‚ñë‚ñà‚îÄ‚îÄ‚îÄ‚îÄ‚îÄ‚îÄ‚îÄ‚îÄ‚îÄ‚îÄ‚îÄ‚îÄ‚îÄ‚ñà‚îÄ‚îÄ‚ñÄ‚îÄ‚îÄ ‚ñë‚ñë‚ñë‚ñë‚ñì‚ñà‚îÄ‚îÄ‚îÄ‚îÄ‚îÄ‚îÄ‚îÄ‚ñÑ‚ñÑ‚ñÄ‚ñÄ‚ñà‚îÄ‚îÄ‚îÄ‚îÄ‚îÄ‚îÄ ‚ñë‚ñë‚ñë‚ñë‚ñí‚ñë‚ñà‚îÄ‚îÄ‚îÄ‚îÄ‚ñÑ‚ñà‚ñí‚ñë‚ñë‚ñÑ‚ñë‚ñà‚îÄ‚îÄ‚îÄ‚îÄ‚îÄ ‚ñë‚ñë‚ñë‚ñë‚ñë‚ñë‚ñë‚ñÄ‚ñÑ‚îÄ‚ñÑ‚ñÄ‚ñí‚ñÄ‚ñÄ‚ñÄ‚ñÑ‚ñÑ‚ñÄ‚îÄ‚îÄDO‚îÄ ‚ñë‚ñë‚ñë‚ñë‚ñë‚ñë‚ñë‚ñë‚ñë‚ñà‚ñí‚ñë‚ñë‚ñë‚ñë‚ñÑ‚ñÄ‚îÄ‚îÄ‚îÄYOU‚îÄ ‚ñí‚ñí‚ñí‚ñë‚ñë‚ñë‚ñë‚ñÑ‚ñÄ‚ñí‚ñë‚ñë‚ñë‚ñë‚ñÑ‚ñÄ‚îÄ‚îÄ‚îÄLIKE‚îÄ ‚ñì‚ñì‚ñì‚ñì‚ñí‚ñë‚ñà‚ñí‚ñë‚ñë‚ñë‚ñë‚ñë‚ñà‚ñÑ‚îÄ‚îÄ‚îÄWHAT‚îÄ ‚ñà‚ñà‚ñà‚ñà‚ñà‚ñÄ‚ñí‚ñë‚ñë‚ñë‚ñë‚ñë‚ñà‚ñë‚ñÄ‚ñÑ‚îÄ‚îÄ‚îÄYOU‚îÄ‚îÄ ‚ñà‚ñà‚ñà‚ñà‚ñà‚ñí‚ñí‚ñë‚ñë‚ñë‚ñí‚ñà‚ñë‚ñë‚ñë‚ñÄ‚ñÑ‚îÄSEE?‚îÄ‚îÄ ‚ñà‚ñà‚ñà‚ñì‚ñì‚ñí‚ñí‚ñí‚ñÄ‚ñÄ‚ñÄ‚ñà‚ñÑ‚ñë‚ñë‚ñë‚ñë‚ñà‚îÄ‚îÄ‚îÄ‚îÄ‚îÄ‚îÄ ‚ñì‚ñà‚ñà‚ñì‚ñí‚ñí‚ñí‚ñí‚ñí‚ñí‚ñí‚ñí‚ñí‚ñà‚ñë‚ñë‚ñë‚ñë‚ñà‚îÄ‚îÄ‚îÄ‚îÄ‚îÄ ‚ñì‚ñì‚ñà‚ñì‚ñí‚ñí‚ñí‚ñí‚ñí‚ñí‚ñì‚ñí‚ñí‚ñà‚ñë‚ñë‚ñë‚ñë‚ñë‚ñà‚îÄ‚îÄ‚îÄ‚îÄ ‚ñë‚ñí‚ñí‚ñÄ‚ñÄ‚ñÑ‚ñÑ‚ñÑ‚ñÑ‚ñà‚ñÑ‚ñÑ‚ñÄ‚ñë‚ñë‚ñë‚ñë‚ñë‚ñë‚ñë‚ñà‚îÄ,0,0
NA TRADE LUL,1,1
!uptime,0,0
DansGame,-1,-1
true,0,0
AFK LUL,1,1
PepePls,0,1
NO FATHER TriHard,1,0
Same devs as dead by daylight dumb chat FailFish,-1,-1
BECAUSE WE SAW IT BEFORE YOU DUMB FUCKS DID,-1,-1
@Xeypher i thought it sounded familiar,0,0
poggers moon2S,1,0
uzi PogChamp,1,1
OMEGALUL,1,1
THICC BOI,0,0
its elon CurseLit,0,0
small,0,0
seriously,0,0
moon2S [12594] smiles,1,1
OMEGALUL,1,1
LUL,1,1
KoiHaibane My main issue was on the form I spaced out my zip code to be readable and shit and then I didn't do it on the other form that had to match it exactly OMEGALUL,-1,-1
whence,0,0
Kappa,1,0
tauron demon is easy af,1,0
EZ üëá,-1,1
Kappa,1,0
you're not wrong,0,-1
4Head,1,1
forsenOMEGA forsenOMEGA,1,0
!uptime,0,0
KappaPride ‚Å≠,1,1
moon2N,0,0
MorphinTime SPAM MorphinTime THIS MorphinTime STATIC MorphinTime TO HELP MorphinTime FNATIC MorphinTime,0,0
forsenY forsenY forsenY forsenY forsenY,-1,0
‚éõ¬∞ Õú ñ¬∞‚éû üñï ‚éõ¬∞ Õú ñ¬∞‚éû üñï ‚éõ¬∞ Õú ñ¬∞‚éû üñï,-1,0
forsenOMEGA,1,0
alex sir LULW,1,1
WAR CHANT monkaS,0,-1
CONTROL WARDS LUL,0,1
D:,-1,-1
UNLOCK IT forsenE,1,0
Kapp NO,0,0
PepeLaugh HIJ WEET HET NIET PepeLaugh HIJ WEET HET NIET PepeLaugh HIJ WEET HET NIET PepeLaugh .,0,0
moon2N Saltydohg 2 months in a row. Thanks I guess moon2N,1,0
EASIEST DARK SOULS OMEGALUL I KILLED ALL BOSSES FIRST TRY LAST WEEK OMEGALUL EASIEST DARK SOULS OMEGALUL I KILLED ALL BOSSES FIRST TRY LAST WEEK OMEGALUL,-1,1
monkaMEGA,-1,0
P OMEGALUL K E,1,1
Pedobear Clap,1,1
FeelsGoodMan Clap AGANE,1,1
DansGame,1,-1
DansGame,-1,-1
MOXY POGGERS,1,1
RAT,0,0
WORST ENDING,0,-1
FeelsBadMan,-1,-1
and onther school shooter was made in minecraft,-1,0
PepeLaugh üëâ üá´üá∑ PepeLaugh üëâ üá´üá∑,1,0
gachiBASS Clap THANK YOU SIR,1,1
forsen3 forsen4,0,0
forsenSWA Clap,1,1
lolol,1,0
moon2M LITERALLY 100000 IQ ATHEIST BTW moon2M LITERALLY 100000 IQ ATHEIST BTW moon2M LITERALLY 100000 IQ ATHEIST BTW moon2M LITERALLY 100000 IQ ATHEIST BTW,0,0
sodaL sodaL sodaL,0,0
"seal1234 please come back, the kids miss you, and so do i",-1,0
CRA IDDO forsenCD CRA IDDO forsenCD CRA IDDO forsenCD CRA IDDO forsenCD,0,0
FeelsBadMan,-1,-1
@xQcOW make boat armor,1,0
???????,0,0
@QUOTE_WHEN_XQC_GOES_AGANE,-1,0
olleh throw...,0,0
Kkona,1,0
YOU LOSE IF IT'S EVIL KING OMEGAROLL,-1,-1
üíø Clap,1,1
50 OVENS,0,0
dont miss the heavy hits,0,0
EZ Clap,1,1
So am i gachiBASS,1,1
YIKES,-1,0
YOU WERE DISCORDED. WHY DROP SHIELD. ARE U MENTAL,-1,0
TL LUL,1,1
DatSheffy /,0,0
LEGENDARY QUEST ZULUL MAKE OTHERS ADD 16 TO 0/100 AND PASTE IT IN CHAT UNTILL IT REACHES 100/100 ZULUL,1,0
Want to help out Chance and get a badge next to your name? Gift a sub: https://help.twitch.tv/customer/portal/articles/2903710-gift-subscriptions?sf172524145=1#HowToGift sodaB,1,0
TriHard 7,1,0
KKona Clap,1,1
PagChomp,0,0
OMEGAROLL,1,0
ÁáºÊïÖÊÑèÁöÑÊòØ‰∏çÊòØÂïä SwiftRage,0,-1
dead inside monkaS,-1,-1
cmonBruh,0,-1
GachiPls DETH GachiPls DETH GachiPls DETH ‚Å≠,0,0
????????????,0,0
"I enjoy anime, but am not a weeb. So there.",1,1
forsenSleeper,-1,0
!roulette all,0,0
4HEad HEHEHE HHHNNNNNN,0,0
haHAA = Best Emote LUL,1,1
OH forsenD,0,0
TriHard HOL UP,1,0
TriHard LULW,1,1
forsen2,0,0
AYAYA Clap,1,1
gather materials before you start unlocking shit,-1,-1
forsen1337 BAN forsen1337 ONE forsen1337 NINJA forsen1337 GET forsen1337 THE forsen1337 WHOLE forsen1337 VILLAGE forsen1337 .,1,-1
120sec PogChamp good goood,1,1
wait why couldn't simon get a piggyback ride on markus?,0,0
Burgers I eat all day EleGiggle League of legends I cannot play EleGiggle EU midlaners I have to pay EleGiggle Proper healthcare is far away EleGiggle You guessed it right EleGiggle Im obese and from NA EleGiggle s,1,0
PEANUT LUL,1,1
CHOKE CHOKE OW,0,-1
The fuck is everyone saying OMEGAROLL for?,1,-1
PepeHands,-1,-1
D:,-1,-1
forsenKek,1,0
OMEGALUL SRS,1,1
He sounds miserable LUL,1,-1
LUL,0,1
didnt see how the bastion died,-1,-1
PepeHands I MISS POKEMON,-1,-1
@melih_arda This is patch 8.8 POGGERS,1,1
OMEGALOOOL,1,0
LUL,1,1
HYPERBRUH,0,-1
#G1,0,0
TRAITOR üò°,-1,0
DEUS VULT,0,0
What would It Take to get banned from Soda's Chat? LUL,1,0
@xqcow u are sux LUL,1,0
ONE MORE,0,0
LUL,1,1
forsenBoys üî≠ forsen1 any bajs in chat? ‚Å≠,0,0
ONE MAN SPAM WutFaceW,-1,-1
Pog,0,1
moon2M üëâ üí©,1,0
MercyWing1 LUL MercyWing2,1,0
OMEGALUL,1,1
For anyone stuck on the Bless loading screen: Please try reloading the game and being careful not to tab out until you have loaded fully into the game. This appears to solve the issue in most cases. Thank you for your patience while we work to fix the problem! 2,0,0
HYPERBRUH PEWDIEPIE,0,-1
naro2hu,1,0
Pog,0,1
DansGame,-1,-1
HYPERBRUH EUROVISION,0,-1
mon2L,0,0
SWOLE,0,0
danPoke @s4dpandah,1,0
BREXIT QUALITY LULW,0,1
SODA PLEASE NotLikeThis,-1,0
cmonBruh only real bro can build this perfect pyramid cmonBruh cmonBruh . Try like me !Try like me ! Try like me !! cmonBruh cmonBruh cmonBruh And my pyramid still higher!!!!!! cmonBruh cmonBruh cmonBruh cmonBruh ',1,-1
30 OMEGALUL,1,1
Clap,1,1
PepeHands the mooooonies,-1,-1
!uptime,0,0
"@twexyz Channel sodapoppin has been live for 19h, 06m and 49s",0,0
Mic muted,0,0
ANTI SPOILER SPAM KKonaW ANTI SPOILER SPAM KKonaW ANTI SPOILER SPAM KKonaW ANTI SPOILER SPAm,0,0
PETA sodaThump,-1,0
DIEEE,0,0
MISSED BONFIRE MISSED BONFIRE MISSED BONFIRE MISSED BONFIRE,0,0
RECKFUL OMEGALUL,1,1
monkaS,-1,0
He is unware PepeLaugh,0,0
Hello my TriHard :),1,1
HASAKI ====== duDudu,0,0
monkaW,0,0
There's a party wide full heal before the final boss,0,0
Cx,0,0
D:,0,-1
forsenE ANELE forsenE ANELE,1,-1
PogChamp ONCE,1,1
AHAHAHAHAHAHA,1,0
D:,0,-1
no moon2N,0,0
MY HOOD TriHard,0,0
PJSalt PJSalt PJSalt PJSalt PJSalt PJSalt,0,-1
MercyWing1 LUL MercyWing2,1,0
chats so slow i wonder how many times ill be able to read my own message Pog,-1,0
BlessRNG SPAM BlessRNG THIS BlessRNG BLESS BlessRNG TO BlessRNG HELP BlessRNG LMS BlessRNG .,-1,1
OMEGALUL,1,1
BAD AT EVERY GAME OMEGALUL BAD AT EVERY GAME OMEGALUL BAD AT EVERY GAME OMEGALUL,-1,-1
66666,0,0
moon2C PepoCheer moon2C PepoCheer moon2C PepoCheer moon2C PepoCheer moon2C PepoCheer moon2C PepoCheer moon2C PepoCheer moon2C PepoCheer moon2C PepoCheer moon2C PepoCheer moon2C PepoCheer moon2C PepoCheer moon2C PepoCheer moon2C PepoCheer moon2C PepoCheer moon2C PepoCheer,1,0
WHO DID THIS üòÇ üëå üî• üíØ WHO DID THIS üòÇ üëå üî• üíØ WHO DID THIS üòÇ üëå üî• üíØ WHO DID THIS üòÇ üëå üî• üíØ WHO DID THIS üòÇ üëå üî• üíØ WHO DID THIS üòÇ üëå üî• üíØ WHO DID THIS üòÇ üëå üî• üíØ,1,0
MAYBE POGGERS,0,1
OMEGALUL,1,1
PepePls,-1,1
IGNORED LUL,-1,0
REEEEEEE,0,0
140IQ Pog,0,1
"moon2M 862 days until the next TOL stream, thanks for asking.",1,0
for being jewish? WOT?,0,0
BibleThump,-1,-1
VoHiYo,1,1
ANELE SOON BROTHER Clap,1,0
"Chaosjak93, BOOOM BAOMN",0,0
KKomrade Clap,1,1
BEST ONE,1,1
lul chil ur tits,0,0
PagChomp,0,0
OMEGALUL,1,1
POGGERS FREE,1,1
"The funniest part is that I actually think moon would like that anime if he gave it a shot. 98% of chat are just closet weebs, don't lie to yourselves moon2SMUG",1,1
7-1 confirm,0,0
YES,0,0
GOWKratos FUCKIN DRIVE BOY GOWKratos,-1,0
Actually retarded ..,0,-1
moon2N FeelsBannedMan 3 months in a row. Thanks I guess moon2N,1,0
DansGame why?,0,-1
ALREADY LOST OMEGALUL,0,0
I SEE IT Jebaited,0,1
PepoThink,0,0
I got it boys! PogChamp,1,1
@MOONMOON_OW Did I miss the reason we're not doing Cat Lady tonight? ..,-1,0
TURN OFF WHOLE CONSOLE @forsen,-1,0
Clap,1,1
Mount it gachiBASS,1,1
"forsenE grooooooooove, Welcome back 4 months! forsenE",-1,1
Kappa,0,0
Pog WTF,-1,1
"what the fuck why does it say the witcher, did I get baited",-1,-1
AUTIST TEST: forsenE FeelsGoodMan I'm clean FeelsGoodMan Clap .,1,1
DuckerZ huh,0,0
THIS ZARYA KNOWS,0,0
Kapp,0,0
YOINKED IT OMEGALUL,1,1
LULW,1,1
OMEGALUL,1,1
gg,0,0
OMEGALUL,1,1
OMEGALUL WORST ENDING,1,-1
üëÜ gachiGASM THIS GUY FUCKED THIS GUY üëá gachiGASM,-1,-1
forsenT,-1,0
AngelThump,1,0
monkaOMEGA CHAT ?,0,0
ALIEN ISOLATION,-1,-1
it means ur a beta looool 4Head,1,1
PedoBear,1,0
4House,0,0
Womb Raider btw we Stroking,0,0
LUL,1,1
ACTUALLY CARRYING,0,0
sumSmash gachiBASS Clap,1,1
SEX,-1,0
can this be played solo?,0,0
TriHard Clap,1,1
moon2N derbrule 15 months in a row. Thanks I guess moon2N,1,0
üéµ ü•Å \\ KKona BCWarrior üé∏ üé∂ VoHiYo,0,1
Clap2 HYPERBRUH Clap,1,1
"Check out the fan art gallery with creations from Moonmoon‚Äôs awesome community! All pictures are credited to the person‚Äôs twitter handle, be sure to check them out! üåô ¬≤ https://www.dropbox.com/sh/kkxcb9pcwqppb25/AACAHFqJJ0ontDZxYi0kr04Da?dl=0 üåô ¬≤ Last updated 4/20/18",0,1
GGWP,0,0
ALLO ZULUL,1,0
That sword is so cheese,0,0
forsenCD PepeHands,-1,-1
but you did LOOOOOOOL,1,0
Pog,0,1
gachiGASM DRAGON VISION ENGAGED gachiHYPER gachiGASM DRAGON VISION ENGAGED gachiHYPER g,0,0
LUL,0,1
LETS GO TL,0,0
BORDERLANDS 2 Pog,0,1
:),1,1
MEEP POGGERS,0,1
‚ñë‚ñë‚ñë‚ñë‚ñà‚îÄ‚îÄ‚îÄ‚îÄ‚îÄ‚îÄ‚îÄ‚îÄ‚îÄ‚îÄ‚îÄ‚îÄ‚îÄ‚ñà‚îÄ‚îÄ‚ñÄ‚îÄ‚îÄ ‚ñë‚ñë‚ñë‚ñë‚ñì‚ñà‚îÄ‚îÄ‚îÄ‚îÄ‚îÄ‚îÄ‚îÄ‚ñÑ‚ñÑ‚ñÄ‚ñÄ‚ñà‚îÄ‚îÄ‚îÄ‚îÄ‚îÄ‚îÄ ‚ñë‚ñë‚ñë‚ñë‚ñí‚ñë‚ñà‚îÄ‚îÄ‚îÄ‚îÄ‚ñÑ‚ñà‚ñí‚ñë‚ñë‚ñÑ‚ñë‚ñà‚îÄ‚îÄ‚îÄ‚îÄ‚îÄ ‚ñë‚ñë‚ñë‚ñë‚ñë‚ñë‚ñë‚ñÄ‚ñÑ‚îÄ‚ñÑ‚ñÄ‚ñí‚ñÄ‚ñÄ‚ñÄ‚ñÑ‚ñÑ‚ñÄ‚îÄ‚îÄ‚îÄ‚îÄ‚îÄ ‚ñë‚ñë‚ñë‚ñë‚ñë‚ñë‚ñë‚ñë‚ñë‚ñà‚ñí‚ñë‚ñë‚ñë‚ñë‚ñÑ‚ñÄ‚îÄ‚îÄ‚îÄ‚îÄ‚îÄ‚îÄ‚îÄ ‚ñí‚ñí‚ñí‚ñë‚ñë‚ñë‚ñë‚ñÑ‚ñÄ‚ñí‚ñë‚ñë‚ñë‚ñë‚ñÑ‚ñÄ‚îÄ‚îÄ‚îÄ‚îÄ‚îÄ‚îÄ‚îÄ‚îÄ ‚ñì‚ñì‚ñì‚ñì‚ñí‚ñë‚ñà‚ñí‚ñë‚ñë‚ñë‚ñë‚ñë‚ñà‚ñÑ‚îÄ‚îÄ‚îÄ‚îÄ‚îÄ‚îÄ‚îÄ‚îÄ‚îÄ ‚ñà‚ñà‚ñà‚ñà‚ñà‚ñÄ‚ñí‚ñë‚ñë‚ñë‚ñë‚ñë‚ñà‚ñë‚ñÄ‚ñÑ‚îÄ‚îÄ‚îÄ‚îÄ‚îÄ‚îÄ‚îÄ‚îÄ ‚ñà‚ñà‚ñà‚ñà‚ñà‚ñí‚ñí‚ñë‚ñë‚ñë‚ñí‚ñà‚ñë‚ñë‚ñë‚ñÄ‚ñÑ‚îÄ‚îÄ‚îÄ‚îÄ‚îÄ‚îÄ‚îÄ ‚ñà‚ñà‚ñà‚ñì‚ñì‚ñí‚ñí‚ñí‚ñÄ‚ñÄ‚ñÄ‚ñà‚ñÑ‚ñë‚ñë‚ñë‚ñë‚ñà‚îÄ‚îÄ‚îÄ‚îÄ‚îÄ‚îÄ ‚ñì‚ñà‚ñà‚ñì‚ñí‚ñí‚ñí‚ñí‚ñí‚ñí‚ñí‚ñí‚ñí‚ñà‚ñë‚ñë‚ñë‚ñë‚ñà‚îÄ‚îÄ‚îÄ‚îÄ‚îÄ ‚ñì‚ñì‚ñà‚ñì‚ñí‚ñí‚ñí‚ñí‚ñí‚ñí‚ñì‚ñí‚ñí‚ñà‚ñë‚ñë‚ñë‚ñë‚ñë‚ñà‚îÄ‚îÄ‚îÄ‚îÄ ‚ñë‚ñí‚ñí‚ñÄ‚ñÄ‚ñÑ‚ñÑ‚ñÑ‚ñÑ‚ñà‚ñÑ‚ñÑ‚ñÄ‚ñë‚ñë‚ñë‚ñë‚ñë‚ñë‚ñë‚ñà‚îÄ,0,0
M LUL LUL J I N,1,1
@MOONMOON_OW JUST HAD A DUEL WITH THE HEART OF DARKNESS...I WAS SO CLOSE DUDE IM ALMOST IN TEARS....,-1,0
YES,0,0
Not a bully lulWut,-1,-1
D:,0,-1
Jebaited,1,1
monkaS,-1,0
OMEGALUL,1,1
moon2P,-1,0
SKIPPPP,0,0
OCEAN MAN üåä üòç Take me by the hand ‚úã lead me to the land that you understand üôå üåä OCEAN MAN üåä üòç The voyage üö≤ to the corner of the üåé globe is a real trip üëå üåä OCEAN MAN üåä üòç The crust of a tan man üë≥ imbibed by the sand üëç Soaking up the üí¶ thirst of the land üíØ,0,1
moon2SMUG Thanks ZeedoZ for 13 months in a row! moon2SMUG,1,0
"HYPERBRUH ,",0,-1
@forsen SHOW SHIRT Pog @forsen SHOW SHIRT Pog,1,1
have a good rest of the night mydood,1,1
moon2M LISSEN CHAT,0,0
forsenCD PepeHands forsenCD PepeHands forsenCD PepeHands forsenCD PepeHands forsenCD PepeHands,-1,-1
THESE CASTERS ARE SO BAD ..,-1,-1
PepeHands,-1,-1
PepeHands I WILL BE OLD,-1,-1
No cuz I don't watch OWL,-1,0
YE,0,0
@quote_when_xqc_goes_agayn,0,0
DUO WITH SAMME U PagChomp DUO WITH SAMME U PagChomp DUO WITH SAMME U PagChomp,0,0
this is all wrong!.. this is like ordering sushi at ihop..,-1,0
forsenDOC,0,0
BLINDSEN OMEGALUL,1,1
SAME Kapp,0,0
@quote_me_if_xqc_on_cocain they still searched the whole apartment and they are still cops so he still would have gone to jail if there was any drugs FeelsGoodMan Clap,-1,1
forsenBee,0,0
gachiBASS Clap,1,1
ds1 is the dark souls of neckbeard games,0,0
xqcT,-1,0
FeelsOkayMan PLEBS = forsenBoys FeelsOkayMan PLEBS = forsenBoys FeelsOkayMan PLEBS = forsenBoys,0,0
"@xQcOW u finally moved out of the ""maybe he doesnt want to"" ""i dont want to leech"" shit and asked him PogChamp",1,1
Does his wife know?,0,0
moon22,-1,0
OMEGALUL,1,1
forsen1 forsen2 forsenBoys,0,0
Kreygasm,0,1
forsenCD,0,0
AYAYA Clap,1,1
1822 lul,1,0
POGSLIDE,0,0
WutFaceW,0,0
when you have more than enough coins in game to buy anything LUL,0,1
kill moon moon2N,-1,-1
WORST TEAMMATE ‚úÖ DIED FIRST ‚úÖ KILLED BY xQc ‚úÖ LAST PLACE ‚úÖ MUST BE FORSEN OMEGALUL,-1,0
"@pevoalin Channel sodapoppin has been live for 05h, 03m and 46s",0,0
HandsUp HandsUp HandsUp,0,0
Tricky Towers with Lirik,0,0
Chewy Kreygasm,0,1
PGM trash team,-1,0
TINNITUS GUY DansGame,-1,-1
"forsenE BobetteMexicaine, Welcome back 3 months! forsenE",1,1
TRASH PH OMEGALUL NE,1,1
@xQcOW REDDIT SAYS UR RACISt,-1,-1
i actually suck dick unlike all of you fake gachis,-1,-1
fnc didnt deserve to win this game imo :p,-1,1
Streamer bullied by twitch chat PepeHands,-1,-1
OMEGALUL,1,1
gachiBASS,1,1
"Pog CHECK MEME GALLERY Pog CHECK MEME GALLERY Pog CHECK MEME GALLERY Pog ,",0,1
Champ,1,1
IDIOTA PepeLaugh IDIOTA PepeLaugh IDIOTA PepeLaugh,-1,0
CASUAL GAMER OMEGAROLL,1,0
me :),1,1
forsenCD,0,0
Moon moon is a beautiful creature,1,1
too real PepeHands,-1,-1
THIS NA KID SAID EARLIER HIS REGION CAN WIN OMEGALUL OMEGALUL SO YOUNG SO NAIVE OMEGALUL,0,1
"@suspicioustoast Current game: Bless Online, Play time: 01h, 17m and 14s, Steam link: http://store.steampowered.com/app/681660",0,0
KKool LIVE,1,0
"it was a draw, dont lose anything but dont gain anything moon2CUTE",1,1
:D,1,1
tppowerBulk Clap FeelsPointMan,1,1
pop filter OMEGAROLL,1,0
Pog,0,1
UZI 80 CS UP POGGERS,1,1
AYAYA Clap AYAYA Clap AYAYA Clap AYAYA Clap,1,1
yourfriendlynoggin status: smol ppHop | Manly gachiBASS Clap | HONEYDETECTED üçØ | N–∞M-er üçáüçâüçãüçá | homeless 4House,1,1
"forsenCD Clap WHERE'S YOUR PRECIOUS LITTLE ""CD"" EMOTES NOW? forsenCD Clap",1,1
@xqcow stunhard7,0,0
@sodapoppin kick these leeches out,-1,0
LET'S GO LIQUID,1,0
GWEEEK HYPERS,1,1
AYAYA Clap üëâ DansGame,1,1
STUCK LULW,-1,0
too fast ppHop cant catch me,1,0
JANNA > VARUS LUL,0,1
üíø ‚úã forsen1337 TRANSPARENCY JUTSU,1,1
reaktanssi Try checking the playlist: https://docs.google.com/document/d/1Wgi4j7BYPzvNrBl6V2KYhb_lINxJ2riKH4ZXUwXLJPY/ Or google the song lyrics/chorus. [430],0,0
Cave Story is the best SNES game,0,1
PepePls :(,-1,-1
Pog,0,1
PLEASE COPY PASTE THIS FOR YOUR MONTHLY PLEB TEST: ‚úì amazW ‚úì krippW ‚úì trumpW ‚úì btsLdW ‚úì reynadW ‚úì kolentoW ‚úì bajW ‚úì btsKotlW ‚úì dewW ‚úì emjaneW ‚úì forsenW ‚úì krippW ‚úì mitchW ‚úì singsingFcuk ‚úì reckW ‚úì sodaW ‚úì btsGodzW ‚úì merliniHappyMerlini ‚úì taymooW ‚úì rtzW ‚úì admiralW ‚úì envySwag ‚úì sumailKappa ‚úì btsMerliniW ‚úì wtrWtR ‚úì dagerDendi ‚úì ppdSalt ‚úì fearGASM ‚úì singsingP ‚úì fluffyW ‚úì ratW ‚úì Pleb test passed,0,0
OLD MEMES LUL OLD MEMES LUL OLD MEMES LUL OLD MEMES LUL OLD MEMES LUL OLD MEMES LUL OLD MEMES LUL OLD MEMES LUL OLD MEMES LUL OLD MEMES LUL OLD MEMES LUL OLD MEMES LUL OLD MEMES LUL OLD MEMES LUL,1,1
tiny kong ppHop,1,0
xqcL remixfn is staying in the jungle! xqcL Thanks so much for subbing xqcCat And supporting the stream! xqcCat,1,0
DIIIIIIIIIMOOOOOOOOOON,0,0
SHOWTITTYZ,-1,0
OMEGALUL NEW LONDO WILL BE FUN OMEGALUL,1,1
@quote_me_if_plat xqcT I see,-1,0
I suspect once ur on max blue bar u gotta use fireball or else u take a dot,0,-1
"Kabajis streams are extremely toxic and I feel like he doesnt get enough shit for that. He rages at every single mistake he makes, using completely illogical arguments. If you want to increase your rage, watching Kabajis stream should be part of your daily routine.",-1,0
"DansGame ,,",-1,-1
Pepepains,0,0
DansGame Women,0,-1
!roulette all,0,0
monkaSHAKE,-1,0
"monkaS has been used 4,589,416 times.",0,0
F,0,0
AngelThump !,1,0
WORTH LUL,1,1
I‚Äôve never been so disappointed by forsen as I am right now,-1,-1
IT MEANS DREAMKAZPER IS ON THE LOOSE,0,0
@phybamaslamma D OMEGALUL C,1,1
OMGScoods OMGScoods OMGScoods OMGScoods OMGScoods OMGScoods OMGScoods,0,0
WORLD FINALS BUT ASIANS VS ASIANS. HOW DO YOU FEEL NA & EU? LUL IMPORT ASIANS RIGHT NOW LUL,0,1
xqcT,0,0
LUL Great Game BTW,1,1
gachiBASS,1,1
LUL,1,1
TriHard,1,0
"To join the sub only Discord: Download the Discord desktop client, make an account, click the cog in the bottom left (user settings), click Connections tab, sync your Twitch to your Discord. The server is a crescent moon emoji with a 2 next to it. Wait about an hour for discord to sync ( --> it syncs on the hour <-- ), go back into your connections tab, and click the ‚Äújoin server‚Äù button.",0,0
NO SHIT OMEGEALUL,-1,-1
@forsen Has anyone ever told you that you have great posture?,0,1
??????,0,0
LUL,1,1
MrDestructoid Clap MrDestructoid Clap MrDestructoid Clap MrDestructoid Clap,1,1
CURSED OMEGALUL CURSED OMEGALUL CURSED OMEGALUL,1,1
forsenL üö¨ ‚Å≠,0,0
LUL,1,1
i want to go to bed but there are three more fights FeelsWeirdMan,0,0
RANDOM 4HEad,0,0
AYAYA 5Head 5Head forkHead,0,1
Samauri shamploo,0,0
nymnP,0,0
forsenWut forsenWut forsenWut forsenWut forsenWut forsenWut forsenWut forsenWut forsenWut forsenWut forsenWut forsenWut,0,0
KKonaW,0,0
THIS IS HOW WE DO ACTION IN DETROIT MrDestructoid,-1,0
WORKING OUT WITH THE BOYS gachiBASS,1,1
LUL,1,1
monkaS PLEBS SEND ME YOUR PHOBIAS monkaOMEGA .,-1,0
OMEGAROLL,0,0
PogChamp @kamusz,1,1
there better be some sick tunes with this fight,-1,-1
D:,-1,-1
brain stem??????????,0,0
These games are all scripted. They would have picked something like Master Yi and let him 1v5 just like in Solo Q if they really wanted to win lol. I am of respectable elo btw. (Silver 3),-1,1
forsenDisco L–µt's forsenDisco l–∞g forsenDisco th–µ forsenDisco ch–∞t forsenDisco forsenDisco L–µt's forsenDisco l–∞g forsenDisco th–µ forsenDisco ch–∞t forsenDisco .,1,1
I KNOW PepeHands,-1,-1
POGGERS,1,1
forsenWTF,0,0
You need someone to get attached to before she is brutally murdered @MOONMOON_OW,-1,-1
Pog MUM,0,1
KappaPride forsenPls KappaPride forsenPls KappaPride forsenPls KappaPride forsenPls ‚Å≠,1,1
I was trolling but also curious so thx for answers,1,0
NA CHAT WutFace,-1,-1
EleGiggle,0,1
@Larx520 how did people not get bored of QT like over a year ago?? LUL,1,0
gachiBASS,1,1
gachiBASS Clap gachiBASS Clap gachiBASS Clap gachiBASS Clap ‚Å≠,1,1
LIDL CANCER FeelsGoodMan Clap,-1,1
FeelsGoodMan Clap FeelsGoodMan Clap FeelsGoodMan Clap ‚Å≠,1,1
again cmonBruh,0,-1
TURTEL,0,0
@moonmoon_ow it said play it several times,0,0
LUL,1,1
lulWut,1,0
"FeelsOkayMan HEY CHAT, TELL ME A SECRET FeelsOkayMan FeelsOkayMan HEY CHAT, TELL ME A SECRET FeelsOkayMan .",1,0
BibleThump,-1,-1
gachiBASS,1,1
monkaS,0,0
RE-UING SNAKES,0,0
forsenH,1,0
make it stop,0,-1
gachiBASS,1,1
PagChomp,0,0
@yktavious you're,0,0
cmonBruh,0,-1
cmonBruh cmonBruh only real bruh can build this perfect pyramid cmonBruh cmonBruh cmonBruh . Try like me !Try like me ! Try like me !! cmonBruh cmonBruh cmonBruh cmonBruh And my pyramid still higher!!!!!! cmonBruh cmonBruh cmonBruh cmonBruh cmonBruh,1,-1
yes moon2N,1,0
RESIDENTSLEEPER FRIENDS FeelsOkayMan üëâ üö™ RESIDENTSLEEPER FRIENDS FeelsOkayMan üëâ üö™,0,1
!notify skylinex what did you do to my precious little cd emotes,0,1
SKT,1,0
forsen1,1,0
HANK PLEASE BibleThump,-1,1
OH KEVIN,0,0
DO IT,0,0
Liquid Take My RNG,-1,0
"As a teemo main at a respectably high elo, this game is hard to watch. Literally cringing at some of these mistakes. If you actually want to learn Tahm Kench PM me (im gold 3 24lp) I also do coaching",0,0
PepeHands DOG,-1,-1
Ouch LUL,1,1
Is irelia pretty chat Kreygasm,1,1
even worse thant Forsen LUL,-1,-1
PepeLaugh HE NOSE,1,0
We miss the 7 power >(,1,0
forsenPls,1,0
NEXT SLIDE PLEASE SwiftRage,-1,0
"SLEEP TEST üõè IF YOU TOUCH THE BED , GO TO SLEEP ‚éù Pepepains",0,0
PepeHands,-1,-1
JUST DODGE 4Head,1,1
4HEad,0,0
SKIP monkaS,-1,0
forsenRedSonic *CLICK*,1,0
Sjokz Kreygasm,0,1
?????????????,0,0
PepeHands,-1,-1
br OMEGALUL nze,1,1
moon2MD,0,0
???????????,0,0
AYAYA Clap,1,1
Clap2 HAhaa,1,0
üíø OMEGALUL,1,1
"when is EU going to play next? LUL lost on home turf, what a joke of a region LUL",-1,0
Clap,1,1
forsenS Clap,1,1
monkaS ?,-1,0
D:,-1,-1
BibleThump he is just scared,-1,-1
@forsen when you get close to it it will stops hooting,0,0
You dumbass. What part of Naruto Fanworks do you not understand? Only Naruto fanfics are allowed here. And this isn't even a real fanfic either. Go take your shit to some crappy forum,-1,-1
FeelsBadMan üî´,-1,-1
esketit haHAA,1,-1
ZULUL V VON,1,0
monkaS,-1,0
xqcHug,-1,0
<3,1,1
EU LUL,1,1
franku123321 twitch tv battlefield,0,-1
moon2SMUG Thanks hypoleprechaun for 8 months in a row! moon2SMUG,1,0
ACTION IS COMING ZULUL,1,0
got to go to harder spot,0,0
i did this :) /,1,1
"N37work, thank you so much for your 2 months of unbroken support to the Snus Brotherhood! forsenDDK forsenWhip",1,0
OMEGALUL LEAF,1,1
gachiBASS Clap,1,1
SPAM MorphinTime THIS MorphinTime STATIC MorphinTime TO MorphinTime HELP MorphinTime FNATIC,0,0
pizzapoppin,1,0
moon2N whatevs,0,0
cmonBruh,0,-1
AYAYA NEW WEEB EMOTE,1,1
Can u speak a bit louder? It‚Äôs hard to understand what are u saying when whispering;-;,0,0
HERE WE GO PepeLaugh HERE WE GO PepeLaugh HERE WE GO PepeLaugh,1,0
monkaX,0,0
forsen3 forsen4,0,0
WutFace,-1,-1
1,0,0
1 fps game,0,0
monkaS,-1,0
gachiBASS,1,1
PepeHands,-1,-1
NP :),1,1
FITTA forsenLewd,-1,0
monkaS,0,0
CROWD POGGERS,1,1
LUL,0,1
"I am 100% Sure moon is playing this instead of agony because agony would be too scary, and I will not be proven otherwise until he plays it @MOONMOON_OW @MOONMOON_OW ????",-1,0
I WAS DANCING TO THAT DansGame,-1,-1
"FeelsGoodMan Aguaduck, you're really something special <3 onredH",1,1
LUL,1,1
Pog,0,1
DON'T SMASH IT sumSmash,-1,0
5/100 LEGENDARY QUEST ZULUL MAKE OTHERS ADD 1 AND PASTE IT IN CHAT UNTILL IT REACHES 100/100 ZULUL,1,0
SODAFRIENDS FeelsOkayMan üëâ <3 SODAFRIENDS FeelsOkayMan üëâ <3,1,1
DansGame,-1,-1
BibleThump,-1,-1
‚ñë‚ñë‚ñë‚ñë‚ñà‚îÄ‚îÄ‚îÄ‚îÄ‚îÄ‚îÄ‚îÄ‚îÄ‚îÄ‚îÄ‚îÄ‚îÄ‚îÄ‚îÄ‚ñà‚îÄ‚îÄ‚ñÄ‚îÄ ‚ñë‚ñë‚ñë‚ñë‚ñì‚ñà‚îÄ‚îÄ‚îÄ‚îÄ‚îÄ‚îÄ‚îÄ‚ñÑ‚ñÑ‚ñÄ‚ñÄ‚ñà‚îÄ‚îÄ‚îÄ‚îÄ‚îÄ‚îÄ ‚ñë‚ñë‚ñë‚ñë‚ñí‚ñë‚ñà‚îÄ‚îÄ‚îÄ‚îÄ‚ñÑ‚ñà‚ñí‚ñë‚ñë‚ñÑ‚ñë‚ñà‚îÄ‚îÄ‚îÄ‚îÄ‚îÄ ‚ñë‚ñë‚ñë‚ñë‚ñë‚ñë‚ñë‚ñÄ‚ñÑ‚îÄ‚ñÑ‚ñÄ‚ñí‚ñÄ‚ñÄ‚ñÄ‚ñÑ‚ñÑ‚ñÄ‚îÄ‚îÄ‚îÄ‚îÄ‚îÄ ‚ñë‚ñë‚ñë‚ñë‚ñë‚ñë‚ñë‚ñë‚ñë‚ñà‚ñí‚ñë‚ñë‚ñë‚ñë‚ñÑ‚ñÄ‚îÄ‚îÄDO‚îÄ‚îÄ‚îÄ ‚ñí‚ñí‚ñí‚ñë‚ñë‚ñë‚ñë‚ñÑ‚ñÄ‚ñí‚ñë‚ñë‚ñë‚ñë‚ñÑ‚ñÄ‚îÄ‚îÄYOU‚îÄ‚îÄ‚îÄ ‚ñì‚ñì‚ñì‚ñì‚ñí‚ñë‚ñà‚ñí‚ñë‚ñë‚ñë‚ñë‚ñë‚ñà‚ñÑ‚îÄ‚îÄLIKE‚îÄ‚îÄ‚îÄ ‚ñà‚ñà‚ñà‚ñà‚ñà‚ñÄ‚ñí‚ñë‚ñë‚ñë‚ñë‚ñë‚ñà‚ñë‚ñÄ‚ñÑ‚îÄ‚îÄWHAT‚îÄ‚îÄ ‚ñà‚ñà‚ñà‚ñà‚ñà‚ñí‚ñí‚ñë‚ñë‚ñë‚ñí‚ñà‚ñë‚ñë‚ñë‚ñÄ‚ñÑ‚îÄ‚îÄYOU‚îÄ‚îÄ ‚ñà‚ñà‚ñà‚ñì‚ñì‚ñí‚ñí‚ñí‚ñÄ‚ñÄ‚ñÄ‚ñà‚ñÑ‚ñë‚ñë‚ñë‚ñë‚ñà‚îÄ‚îÄSEE?‚îÄ ‚ñì‚ñà‚ñà‚ñì‚ñí‚ñí‚ñí‚ñí‚ñí‚ñí‚ñí‚ñí‚ñí‚ñà‚ñë‚ñë‚ñë‚ñë‚ñà‚îÄ‚îÄ‚îÄ‚îÄ‚îÄ ‚ñì‚ñì‚ñà‚ñì‚ñí‚ñí‚ñí‚ñí‚ñí‚ñí‚ñì‚ñí‚ñí‚ñà‚ñë‚ñë‚ñë‚ñë‚ñë‚ñà‚îÄ‚îÄ‚îÄ‚îÄ ‚ñë‚ñí‚ñí‚ñÄ‚ñÄ‚ñÑ‚ñÑ‚ñÑ‚ñÑ‚ñà‚ñÑ‚ñÑ‚ñÄ‚ñë‚ñë‚ñë‚ñë‚ñë‚ñë‚ñë‚ñà gachiPRIDE FOR BILLY gachiPRIDE,1,0
moon2M hehe,1,0
Looking for a Pleb Free Zone? Join other subscribers on Discord by typing !discord in chat and following the instructions.,0,0
moon2OWO,0,0
YOU ARE SO FUCKING BAD,-1,-1
:cd: forsenOMEGA,1,-1
-1,-1,0
LIT üòÇ,1,0
FeelsBadMan KNEW IT,-1,-1
D: WTF,0,-1
GivePLZ you will not see this coment lulWut,0,1
DendiFace PartyTime PunOko TehePelo TwitchLit PowerUpL PowerUpR MercyWing2 MercyWing2 PinkMercy GOWAtreus GOWKratos OSSmooth EarthDay PartyHat SOTshark TombRaid,1,0
forsenCD Clap PLEBS CAN SPAM forsenCD Clap PLEBS CAN SPAM,1,0
EU CROWD LUL,0,1
skarner uninstall,0,0
forsenS nymnCorn,0,0
@forsen Trihex said to use pro controller,0,0
!roulette all,0,0
D:,0,-1
üëÅÔ∏è,0,0
MEOWTH LOL OMEGALUL,1,1
HYPERDANSGAME YOU DONT SKIP BLACK MEDIUM SMALL SQUARE .,0,0
gweek PepeHands,-1,-1
"GET A P.O BOX, I WILL SEND YOU ONE :) forsen ‚Å≠",0,1
Kapp,0,0
gachiBASS Clap More,1,1
KHAN LUL,0,1
BibleThump,-1,-1
beer?,0,0
nyanPls CUTE CHAT nyanPls AYAYA,1,1
OMEGALUL,1,1
BANNED,-1,-1
"I've beaten this game 13 times before, really fun never forget it but a pain in the ass",-1,-1
STEALTH BOYYYYYYYYYYYYY,0,0
@Maxwon he just did more damage tho,0,-1
MALE gaciBASS MALE gaciBASS MALE gaciBASS MALE gaciBASS MALE gaciBASS MALE gaciBASS,0,0
UPGRADE SWORD,0,0
@forsen FeelsWeirdMan,-1,0
Detroit was Pog,0,1
phenomenal experience,1,0
DARK SASI KKomrade DARK SASI KKomrade DARK SASI KKomrade .,1,0
Dragon ResidentSleeper,-1,-1
moon2SMUG,0,0
Pog CHOICES ACTUALLY DO MATTER Pog,0,1
sound?!,0,0
TriKool Clap TriKool Clap TriKool Clap TriKool Clap TriKool Clap TriKool Clap TriKool Clap TriKool Clap TriKool Clap TriKool Clap TriKool Clap TriKool Clap TriKool Clap TriKool Clap TriKool Clap TriKool Clap TriKool Clap TriKool Clap TriKool Clap TriKool Clap TriKool Clap TriKool Clap TriKool Clap TriKool Clap TriKool Clap TriKool Clap TriKool Clap TriKool Clap TriKool Clap TriKool Clap TriKool Clap TriKool Clap,1,1
moon2N ok,0,0
I CHOOSE forsenE,1,0
xQc has made chat D: 2778 times,-1,-1
EZY er,0,0
monkaMEGA This is it,-1,0
monkaMEGA WHAT,0,0
"@vallops_ Channel sodapoppin has been live for 17h, 54m and 57s",0,0
haHAA,1,-1
WHAT,0,0
THIS CHAT IS LITERALLY SPAM AND TRASH TALK .................. ‚Å≠,-1,-1
NA ZZZZZ GIRL LUL,1,1
2$ TOP DONATOR OF THE DAY OMEGALUL 2$ TOP DONATOR OF THE DAY OMEGALUL 2$ TOP DONATOR OF THE DAY OMEGALUL,0,0
monkaMEGA ‚Å≠,-1,0
HYPERBRUH,0,-1
cold coffee in tropical shithole,0,0
PogChamp,0,1
i am :),1,1
xqcLove IgnorantBoot is staying in the jungle! xqcLove Thanks so much for subbing xqcCat And supporting the stream! xqcCat,1,0
ANOTHER CRASH Pog,-1,0
RECKFUL OMEGALUL,1,1
"forsenPrime forsensmum, Thanks for SMASHING the TWITCH PRIME button forsenPrime Clap",1,1
HYPERDANSGAME SKIPQC,0,0
FREE EMOTE forsenCD Clap,1,1
Heal 10,0,0
MrDestructoid Clap MrDestructoid Clap MrDestructoid Clap MrDestructoid Clap MrDestructoid Clap MrDestructoid Clap MrDestructoid Clap MrDestructoid Clap MrDestructoid Clap MrDestructoid Clap MrDestructoid Clap MrDestructoid Clap,1,1
It will most likely just bluescreen,0,0
WwWwWwWwWw,0,0
Kapp,0,0
NA PogChamp,1,1
@forsen Just admit you are too lazy,-1,0
EEKKO LUL,1,1
Pog YES,0,1
WE ARE READY FOR CHAPTER 4 FeelsGoodMan Clap WE ARE READY FOR CHAPTER 4 FeelsGoodMan Clap,1,1
ResidentSleeper,0,-1
Cx haHAA,1,-1
"MOONMOON_OW You complaining about how easy DS1 is, but you know what? You playin like easy-mod with all that LVLs Jebaited , strenght-build SMOrc armor SSSsss and heavy weapon EleGiggle , if you would play the game in a RIGHT WAY you would cry like a baby BabyRage So admit that the game is REALLY HARD and we will forgive you :)",-1,0
Did you finish Fallout NV already?,0,0
naroWink ilarjWink,1,0
RAKAN LUL,0,1
nice,1,1
xQc has GONE AGANE 1160 times! xqcS üîÑ,1,0
"KonCha (‚óï‚Äø‚óï‚úø) Dear Weebs in the chat, you are sugoi. Whatever is going on in your kokoro right now, please know that you are kawaii and your story is not a filler. You are loved (‚óï‚Äø‚óï‚úø) KonCha .",1,1
LIT CHAT üòÇ üëå üíØLIT CHAT üòÇ üëå üíØLIT CHAT üòÇ üëå üíØ,1,0
DIIIIMOOOOOOOOON PepeHands,-1,-1
LETS forsenDisco LAG forsenDisco THE forsenDisco CHAT forsenDisco,1,0
GabeN,1,0
I'M HERE ONLY FOR THE CHAT lirikGREAT Clap,1,1
@xQcOW Get your hands in a comfy position in case you need to stay still,0,0
SEAS LAST AYAYA Clap,1,1
same for me bout with u soda OMEGALUL,1,1
RETARD OMEGAROLL,-1,-1
@xqcow thanks for making me smile when times are bad xqcSmile,1,0
PepeHands,-1,-1
!roulette 25,0,0
4Mansion,0,0
PROXY SION POGGERS,1,1
TP LUL,1,1
107 LUL,1,1
LEGENDARY QUEST ZULUL MAKE OTHERS ADD 1 TO 20/100 AND PASTE IT IN CHAT UNTILL IT REACHES 100/100 ZULUL,1,0
OK,0,0
KKool,1,0
Moonmoon's emotes and subscriber badges: https://twitchemotes.com/channel/moonmoon_ow,0,0
forsenGrill I did this,1,0
did you mastubate to a big tiddies anime girl?,-1,0
YOU CAN WEAR THE SHARK HEAD OMGScoods YOU CAN WEAR THE SHARK HEAD OMGScoods,0,0
forsenOMEGA,1,0
Ôºü,0,0
‚òÄÔ∏è üöó FeelsGoodMan Clap,1,1
FeelsBadMan,-1,-1
LAST PLACE FeelsWeirdMan,-1,0
LULW,0,1
WORKED forsenPrime,1,0
BWIPO POGGERS,1,1
monkaS,-1,0
Wow...this is Not Our Chat MingLee ?? BUT We can type Chinese here MingLee /\ MingLee And we type Chinese in ANY CHAT We Want!! No need to respect other country MingLee Raid MingLee Raid NotATK NotATK NotATK NotATK 2,1,0
TriHard /,0,0
!uptime bot,0,0
too real PepeHands,-1,-1
USE it Pog,0,1
id hit it,0,0
ppHop ·µê ∏ ppHop ·µà ≥·µâ·µÉ·µê ppHop ·∂¶À¢ ppHop ·µÉ ppHop ·∂ú ∞·µÉ·µó ppHop ·∂†·µòÀ°À° ppHop ·µí·∂† ppHop À¢·µê·µíÀ° ppHop À¢·µñ·µÉ·µê ppHop ppHop ·µê ∏ ppHop ·µà ≥·µâ·µÉ·µê ppHop ·∂¶À¢ ppHop ·µÉ ppHop ·∂ú ∞·µÉ·µó ppHop ·∂†·µòÀ°À° ppHop ·µí·∂† ppHop À¢·µê·µíÀ° ppHop À¢·µñ·µÉ·µê ppHop ppHop ·µê ∏ ppHop ·µà ≥·µâ·µÉ·µê ppHop ·∂¶À¢ ppHop ·µÉ ppHop ·∂ú ∞·µÉ·µó ppHop ·∂†·µòÀ°À° ppHop ·µí·∂† ppHop À¢·µê·µíÀ° ppHop À¢·µñ·µÉ·µê ppHop,1,0
ZULUL,1,0
Meme Potential shoe,1,0
TL GONNA WRECK KZ CALLIN IT NOW FNC WILL GO 0-2 LUL,1,0
PLAY WITH SODA OR NO BALLS forsenSWA,0,0
!roulette 1000,0,0
forsenThink The strings surving after a while,0,0
LIDL COUNTRY PepeHands,-1,-1
DARREN,0,0
EU POGGERS,0,1
moon2SMUG Thanks ThisIsNine for 15 months in a row! moon2SMUG,1,0
PENIS,-1,0
DansGame,-1,-1
BEDFAGS FailFish BEDFAGS FailFish BEDFAGS FailFish BEDFAGS FailFish,-1,-1
üëâ,0,0
EleGiggle P EleGiggle N I Z,1,1
MASTERY 4 ASHE LUL,1,1
KKool Clap,1,1
Eat ur meat moon2N,0,0
KKool üé∏ ‚Å≠,1,0
LUL,1,1
monkaOMEGA,0,0
sodaH,1,0
HYPERBRUH ‚Å≠,0,-1
moon2M,0,0
SwiftRage SwiftRage SwiftRage,0,-1
????,0,0
Clap2 moon2H,1,0
Ê≠ªÁàΩ‰∫ÜÊ≤í??,0,0
wtf inhib low hp?,-1,-1
Pog,0,1
HYPERS,1,1
OMEGALUL,0,1
T OMEGALUL XIC STREAMER,0,1
SPAM MorphinTime THIS MorphinTime STATIC MorphinTime TO MorphinTime HELP MorphinTime FNATIC,1,0
why would they do this to japan BibleThump BibleThump,-1,-1
Ask them nicely instead :),1,1
OMEGALUL AMAZ ALREADY FINISHED OMEGALUL AMAZ ALREADY FINISHED,1,1
LEB TEST FeelsWeirdMan üëâ ninjaPon PLEB TEST FeelsWeirdMan üëâ ninjaPon PLEB TEST FeelsWeirdMan üëâ ninjaPon,0,0
gachiBASS Clap,1,1
OMEGALUL,1,1
Clap2 moon2SMEG,1,0
Pog,0,1
"We can start playing the game 8 mins into the stream, chat",0,0
JUST BUILD 4HEad,1,0
EVS 3 - 0 SUPport LUL,1,1
forsenKek forsenKek forsenKek,1,0
OMEGALUL,1,1
WutFace crowd,-1,-1
I don't even know what sticky keys does tbh,0,0
RarestParrot CHEVY,0,0
LULW,0,1
7,0,0
PagChomp,0,0
No Money To Sub FeelsBadMan No Money To Sub FeelsBadMan No Money To Sub FeelsBadMan No Money To Sub FeelsBadMan,-1,-1
PogChamp Pog,1,1
·ïô>( ·ïó,0,0
monkaS,-1,0
Pink names! MercyWing1 moon2CUTE MercyWing2 Pink names! MercyWing1 moon2CUTE MercyWing2 Pink names! MercyWing1 moon2CUTE MercyWing2 Pink names! MercyWing1 moon2CUTE MercyWing2,1,0
wixS1 wixS9,0,0
GachiPls OMEGALUL GachiPls OMEGALUL GachiPls OMEGALUL GachiPls OMEGALUL,1,1
LUL,1,1
Plebs Jebaited,1,1
KKool Clap ‚Å≠,1,1
"Brijahu, thank you so much for your 2 months of unbroken support to the Snus Brotherhood! forsenDDK forsenWhip",1,0
DAT NOSE LUL,1,1
NA EZ,0,1
moon2H THE THRONE BECKONS moon2H THE THRONE BECKONS moon2H THE THRONE BECKONS moon2H THE THRONE BECKONS moon2H THE THRONE BECKONS,0,0
i hope you'll spill it on your keyboard again,-1,1
D SCALE,0,0
free the plebs? FeelsOkayMan üëç <3 ‚Å≠,1,1
Play LEAGUE 4Head,1,1
LUL,1,1
A RUST TYPE GAME Pog A RUST TYPE GAME Pog,0,1
NICE JOB LUL,1,1
haHAA üëâ PepeLaugh haHAA üëâ PepeLaugh haHAA üëâ PepeLaugh haHAA üëâ PepeLaugh .,1,-1
gachiBASS Clap I CAN HEAR THE SLAPS gachiBASS Clap I CAN HEAR THE SLAPS gachiBASS Clap I CAN HEAR THE SLAPS,1,1
FeelsWeirdMan @forsen,-1,0
JUST CTRL + V OMEGALUL,1,1
Hƒ∞ B23IT23hes,0,0
I DON'T HAVE THE GAME Pog I DON'T HAVE THE GAME Pog I DON'T HAVE THE GAME Pog .,0,1
Go poop DansGame,-1,-1
NAM Clap,1,1
monkaSHAKE,-1,0
monkaS,-1,0
nice flag ZULUL,1,1
forsenS sedition,0,-1
PepeHands,-1,-1
J LUL K E,1,1
4House,0,0
rapidfire tf LUL,1,1
forsenBee BAN ONEE BEEJ forsenBee YOU GET THE WHOLE SWARM forsenBee,1,-1
monkaS,-1,0
"GaZaTu, LULW adventuresen",0,1
xQc has been done with the game 169 times EleGiggle,1,1
skype,0,0
WHATS IN THE FOLDER FeelsWeirdMan @forsen WHATS IN THE FOLDER FeelsWeirdMan @forsen,-1,0
LUL,1,1
KappaPride,1,1
AYAYA ohhhhh,-1,1
üëå üòÇ üòπ üíØ WHO DID THIS üëå üòÇ üòπ üíØ WHO DID THIS üëå üòÇ üòπ üíØ WHO DID THIS üëå üòÇ üòπ üíØ WHO DID THIS üëå üòÇ üòπ üíØ WHO DID THIS üëå üòÇ üòπ üíØ WHO DID THIS üëå üòÇ üòπ üíØ WHO DID THIS üëå üòÇ üòπ üíØ WHO DID THIS üëå üòÇ üòπ üíØ WHO DID THIS üëå üòÇ üòπ üíØ WHO DID THIS,1,0
what headset does soda use i forgot its name please dm me,0,0
TALK SICK,-1,-1
BWIPO YOU FCKIN SUCK,-1,-1
"krakenbul, FeelsOkayMan üëâ <3 ‚ùó",1,1
LUL only real LULer can build this perfect pyramid LUL LUL . Try like me !Try like me ! Try like me !! LUL LUL LUL And my pyramid still higher!!!!!! LUL LUL LUL,1,1
FeelsOkayMan üëâ üëå ‚ùì @coral FeelsOkayMan üëâ üëå ‚ùì @coral FeelsOkayMan üëâ üëå ‚ùì @coral ‚Å≠,1,0
Get really hard.,0,0
ACHHHH,0,0
Jebaited,1,1
Pog,0,1
DEVIENTS LEAKED HER EMAILS DonaldPls,1,0
ANYWAYS PepeHands,-1,-1
hol up ‚òù,1,1
1 BULLET monkaS,-1,0
KKonaW WTF IS THAT ‚Å≠,-1,-1
OMEGAROLL Clap,1,1
MercyWing1 sodaLUL MercyWing2,1,0
J e B a ƒÜ Dissa,0,0
gachiBASS,1,1
OMEGALUL OMEGALUL,1,1
NANI,0,0
KKona forsenGun,-1,0
Veteran Graves Player Kappa,0,0
monkMEGA üëª,0,0
forsen1 forsen2,1,0
EQUIP IT ?,0,0
5-5 the NA dream,0,0
WutFace,-1,-1
KomodoHype Clap,1,1
TriHard,1,0
moon2S [16871] smiles,1,1
"Hey guys! I've only recently started watching MSI, and I have grown attached to the team known as ""TL"". Could someone please let me know when TL play next? For I would love to watch them again. Thanks! :) 95",1,1
ispicially xqcMood,-1,0
OMEGALUL,1,1
@Vahtryn HOW YA DOIN moon2S,1,0
moon2W,0,0
monkaMEGA,-1,0
they really need loltyler1,0,0
moon2T,0,0
TriHard TriHard TriHard TriHard 7,0,0
Do people like call up Netflix after 9 months of being subscribed and be like WE'RE HAVING A BABY PogChamp,1,1
OMEGALUL,1,1
forsenE SUBBED TO. FORSEN forsenPrime SUBBED TO NINJA forsenDED SUBBED TO SUMMIT forsenCD MY DOC SUB EXPIRED PepeHands .,-1,-1
ANELE Clap,1,0
forsen3 forsen4,0,0
just get bck to the office 4HEad,-1,0
I SAW IT gachiBASS,1,1
gachiBASS,1,1
RUINED THE STREAM PepeHands,-1,-1
This season is so fucking bad,-1,-1
COGGERS Clap,1,1
gachiBASS,1,1
NA = NORTH ASIA,0,0
gachiBASS,1,1
Kreygasm,0,1
YOU DIED üíª sumSmash YOU DIED üíª sumSmash YOU DIED üíª sumSmash YOU DIED üíª sumSmash .,-1,-1
PEACE DADDY forsen1337,0,1
Take MY ENERGY EVOS,0,0
xQc has punched 6604 scrubbies in the J O W OMEGALUL ü§ú,1,1
4House,0,0
LULW ‚Å≠,0,1
HYPERBRUH TF,0,-1
monkaOMEGA,0,0
Pog,0,1
LULW,1,1
@sodapoppin u mean occasionally every room? that thing better have some godlike cooldown Kappa,0,1
D 4Head C,1,1
4HEad,0,0
wtf monkaGun,-1,-1
onred,0,0
"Cimm has been following moonmoon_ow since 07-26-2016, 12:00 AM",0,0
RANDOM LANGUAGE FeelsGoodMan Clap RANDOM LANGUAGE FeelsGoodMan Clap RANDOM LANGUAGE FeelsGoodMan Clap,1,1
I listen on the drive to school :D,1,1
omegalul,1,0
#B1,0,0
I like your channel because you say poop,1,0
BibleThump,-1,-1
SPOILER: FNC WIN LUL,1,1
moon2MLEM HOIYA moon2MLEM,1,0
W OMEGALUL W KILLER LULW,1,1
PYAH GANG HYPERS,0,1
Downward moon2T,1,0
@sodapoppin FeelsWeirdMan @sodapoppin FeelsWeirdMan @sodapoppin FeelsWeirdMan @sodapoppin FeelsWeirdMan @sodapoppin FeelsWeirdMan @sodapoppin FeelsWeirdMan @sodapoppin FeelsWeirdMan @sodapoppin FeelsWeirdMan @sodapoppin FeelsWeirdMan @sodapoppin FeelsWeirdMan,-1,0
my boobs are too big FeelsBadMan,-1,-1
cool,1,0
!join,1,0
it is DansGame,-1,-1
I HEARD IT,0,0
WHY SO QUIET KOREANS LUL,1,1
VoteNea,0,0
KKona host ALEC,1,0
üíø MARI OMEGALUL,1,1
OMEGALUL,1,1
forsenGrill,1,0
ppL üö¨,0,0
----@forsen MOVE CAM forsenSWA,-1,0
WASH HANDS DansGame,0,-1
AYAYA catonLewd catonComfy,0,1
n-word in message forsen,0,0
I do :),1,1
ACTION IS COMING ZULUL,1,0
yes,0,0
????,0,0
WTF LUL,1,-1
‚úì amazW ‚úì krippW ‚úì trumpW ‚úì btsLdW ‚úì reynadW ‚úì kolentoW ‚úì bajW ‚úì btsKotlW ‚úì dewW ‚úì emjaneW ‚úì forsenW ‚úì krippW ‚úì mitchW ‚úì singsingFcuk ‚úì reckW ‚úì sodaW ‚úì btsGodzW ‚úì merliniHappyMerlini ‚úì taymooW ‚úì rtzW ‚úì admiralW ‚úì envySwag ‚úì sumailKappa ‚úì btsMerliniW ‚úì wtrWtR ‚úì dagerDendi ‚úì ppdSalt ‚úì fearGASM ‚úì singsingP ‚úì fluffyW ‚úì ratW ‚úì Pleb test failed PepeHands,-1,0
SourPls,1,1
LUL,1,1
no,0,0
ZULOL WE LOST,-1,0
@forsen Stop pretending FeelsWeirdMan,-1,0
777 forsenPls REPEATING OF COURSE forsenPls 777 forsenPls REPEATING OF COURSE forsenPls,1,0
POGGERS,1,1
@Zostradamus PogChamp GOod!,1,1
sjokz still wearing that dress after all these years,0,0
PepeHands ANYWAYS,-1,-1
HE NEEDS PENDANT LULW,0,1
This is a Battle Royale game?,0,-1
TriHard,1,0
hi :),1,1
HUMAN INTERACTION haHAA HAVING FUN haHAA HUMAN INTERACTION haHAA HAVING FUN haHAA,1,1
nb3Thinking nb3Thinking nb3Thinking nb3Thinking nb3Thinking lacGasm lacGasm,0,0
THIS BANG,0,0
forsenCD ANY DOCS ?,0,0
OMEGALUL CUCK OMEGALUL,1,1
OMEGAROLL OMEGAROLL OMEGAROLL OMEGAROLL OMEGAROLL OMEGAROLL OMEGAROLL OMEGAROLL OMEGAROLL OMEGAROLL OMEGAROLL OMEGAROLL OMEGAROLL OMEGAROLL OMEGAROLL OMEGAROLL,0,0
Pog UTHER Pog KILL ARTHAS Pog SAVE LORDAERON Pog,-1,1
MercyWing1 PopCorn MercyWing2,1,0
moon2H,0,0
Skip friends DansGame,-1,1
AYAYA üé∏,0,1
OMEGALUL TB OMEGALUL TB OMEGALUL TB OMEGALUL TB OMEGALUL TB OMEGALUL,1,1
forsenPrime HE SMASHED IT,0,0
sfhOWO sfhOWO,-1,0
MingLul,1,0
@nigh_illicit you just confirmed your age. keep spamming kid,0,-1
SUPERHOT VR SUPERHOT VR,0,0
EXPOSED,0,0
Molefuckin lmaooooo,-1,0
xqcL Clerity is staying in the jungle! xqcL Thanks so much for subbing xqcCat And supporting the stream! xqcCat,1,0
moon2A,-1,-1
forsenCD ?,0,0
LMFAO WHO DID THIS? üòÇ üëå üíØ üî• LMFAO WHO DID THIS? üòÇ üëå üíØ üî• LMFAO WHO DID THIS? üòÇ üëå üíØ üî• LMFAO WHO DID THIS? üòÇ üëå üíØ üî• LMFAO WHO DID THIS? üòÇ üëå üíØ üî•,1,1
na MingLee,1,1
GWEEEEEEK,0,0
Kappa Clap,1,1
GachiPls NA PING forsenSWA GachiPls NA PING forsenSWA GachiPls NA PING forsenSWA ‚Å≠,1,0
ITS UP RIGHT NOW Pog,1,1
TURKEY,0,0
3,0,0
moon2S [15078] smiles,1,1
I BELIVE gachiBASS Clap I BELIVE gachiBASS Clap I BELIVE gachiBASS Clap,1,1
hello monkaMEGA,1,0
why push uppppp,0,0
Cx,0,0
LET'S GO forsenH,1,0
It just for looks it doesnt matter,0,0
LECH KACZYNSKI PepeHands LECH KACZYNSKI PepeHands LECH KACZYNSKI PepeHands,-1,-1
just kill him now xqcRage,-1,-1
@forsen FeelsWeirdMan,-1,0
GachiPls Wowee GachiPls Wowee GachiPls Wowee GachiPls Wowee ‚Å≠,1,0
@KanbaruLover naroXD,-1,0
if you gachi at women you deserve to die :),-1,1
LOOOOOOOOOOOOOOOOL 4HEad ‚Å≠,1,0
PepeHands never scary,-1,-1
i thought 900p@60 was the most well rounded,1,0
NotLikeThis,-1,-1
xqcLook MHM,0,0
play a game moon2S @moonmoon_ow,1,0
gazatu dank internet FeelsDankMan,0,0
Rekkles Step Up U Cuxk,0,0
crunch FeelsOkayMan,1,0
Champ chat please help me my mouth is small... Pog,0,1
monkaS neighbors,-1,0
forsenC,1,0
SourPls,1,1
GachiPls üîã,0,0
LUL,1,1
OMEGALUL,1,1
@MOONMOON_OW i bought golf it for this please dont let that be the odd man out moon2A,-1,0
MercyWing1 PowerUpL TriHard cmonBruh PowerUpR MercyWing2,0,0
R_,0,0
üíø ‚úã forsen1337 TRANSPARENCY NO JUTSU,0,0
Never turn volume down DansGame,-1,-1
LULW,0,1
OMEGALUL,1,1
FrankerZ,1,0
Eu choke,0,-1
monkaMEGA,-1,0
squishy hunter gachiGASM,1,0
ppHop,0,0
watapp,0,0
5000 BITCOINS Pog,-1,1
??????????????????????,0,0
LUL LUL,1,1
LULW,1,1
gachiBASS Clap gachiBASS Clap gachiBASS Clap gachiBASS Clap gachiBASS Clap gachiBASS Clap,1,1
moon2N [4525] okays,1,1
forsenShuffle,1,0
????????????????????,0,0
gachiBASS Clap gachiBASS Clap gachiBASS Clap gachiBASS Clap gachiBASS Clap gachiBASS Clap gachiBASS Clap gachiBASS Clap gachiBASS Clap gachiBASS Clap gachiBASS Clap gachiBASS Clap gachiBASS Clap gachiBASS Clap gachiBASS Clap gachiBASS Clap ‚Å≠,1,1
RIGGED LULW RIGGED LULW RIGGED LULW RIGGED LULW,0,-1
monkaS Clap,0,0
4.8 LUL,1,1
forsenCD,0,0
BROTHER KARSA LUL,1,1
random string of numbers,0,0
VoHiYo only real WEEB can build this perfect pyramid VoHiYo VoHiYo . Try like me !Try like me ! Try like me !! VoHiYo VoHiYo VoHiYo And my pyramid still higher!!!!!! VoHiYo VoHiYo VoHiYo VoHiYo,1,1
TABARNAK XQC NON,0,0
"""HAHAA"" FREINDS :D ""HAHAA"" FREINDS :D ""HAHAA"" FREINDS :D ""HAHAA"" FREINDS :D",1,1
moon2H,-1,0
CHAT REMEMBER TO VOTE OMGScoods ‚ùó CHAT REMEMBER TO VOTE OMGScoods ‚ùó CHAT REMEMBER TO VOTE OMGScoods ‚ùó,1,0
monkaS,0,0
PepoCheer Baby PepoCheer first PepoCheer game PepoCheer,1,0
@na_ni_z_gg_z_er TriHard,1,0
Old Man OMEGAROLL,0,0
PLEASE,1,0
DRACO MALFOY STREAMS?????????? Pog,0,1
W O W Clap,1,1
good dog DansGame Clap,1,1
YES,0,0
haHAA say it,0,-1
GachiPls PepeHands GachiPls PepeHands GachiPls PepeHands GachiPls PepeHands GachiPls PepeHands .,-1,-1
"@MOONMOON_OW if you had the experience and the non-lazyness to cook, would you cook your own vietnamese food ?",0,0
NOT THE BAJS WutFace NOT THE BAJS WutFace /,-1,-1
Cx DOES THAT,0,0
STOP IT,-1,-1
@sodapoppin Chuck I love you :) <3 you are amazing,1,1
H A R B I N G E R Champ,0,1
"""Premium Membership (180 Days)"" gives 8 in-game buffs (among other things) - not p2w Kappa OMEGALUL",1,1
Looking for a Pleb Free Zone? Join other subscribers on Discord by typing !discord in chat and following the instructions.,0,0
WutFaceW,1,0
GOTY PagChomp Clap,1,1
SOO,0,0
ANELE Clap,1,0
LUL,1,1
LUL U,1,1
"""CUTE CHAT"" OMEGALUL üëâ OpieOP ""CUTE CHAT"" OMEGALUL üëâ OpieOP ""CUTE CHAT"" OMEGALUL üëâ OpieOP",1,1
ALT+F4,-1,0
mitzi monkaMEGA,-1,0
Clap,1,1
HERE IT COMES LULW,0,1
HYPERPOGGERS GIMME SOME MAcDonAlds,1,0
ZULUL gachiBASS ZULUL gachiBASS ZULUL gachiBASS,1,1
ZULUL,1,0
moon2CD,0,0
forsenOMEGA,1,0
??????,0,0
sodaGASP,0,0
#G1,0,0
HYPERBRUH,0,-1
Blizzards is working on a shooter. Probably BR,0,0
‚úã forsen1337 KAGEBUNSHIN NO JUTSU forsen1337 forsen1337 forsen1337 forsen1337 forsen1337 forsen1337 forsen1337,1,0
gachiBASS,1,1
\ ï ‚Ä¢·¥•‚Ä¢ î/ RAISE YOUR KOALAS \ ï ‚Ä¢·¥•‚Ä¢ î/,0,0
BibleThump MercyWing1 MercyWing2,-1,0
sure just send me $5,0,0
It‚Äôs kinda irritating because you‚Äôre dumb but eh doesn‚Äôt matter too much moon2N,-1,-1
FIGHT JEFF LUL,1,1
KKool Clap KKool üé∏ KKool Clap ‚Å≠,1,1
LOUDER PLS,-1,0
123,0,0
moon2M,1,0
60 SECONDS Pog 60 SECONDS Pog 60 SECONDS Pog 60 SECONDS Pog 60 SECONDS Pog 60 SECONDS Pog 60 SECONDS Pog 60 SECONDS Pog 60 SECONDS Pog 60 SECONDS Pog 60 SECONDS Pog 60 SECONDS Pog 60 SECONDS Pog 60 SECONDS Pog 60 SECONDS Pog 60 SECONDS Pog 60 SECONDS Pog 60 SECONDS Pog 60 SECONDS Pog 60 SECONDS Pog 60 SECONDS Pog 60 SECONDS Pog,0,1
!vanish,0,0
forsenWTF,-1,0
HowLongToBeat says Dead Money is 5 hours 30 mins and Old World Blues is 7 hours for main story forsen pajaDank,-1,-1
DIABL OMEGALUL,1,1
forsenSleeper,0,0
LOST SOULS OMEGALUL,1,0
forsenT,-1,0
Kapp,0,0
OMEGALUL,1,1
@doserino_ moon2CUTE moon2CUTE moon2CUTE moon2CUTE moon2CUTE moon2CUTE moon2CUTE moon2CUTE,1,0
WHO ARE YOU PLAYING WITH @xQcOW HELLOOOO,0,0
Pog,0,1
forsenS,0,0
LUL,1,1
I MADE DIS :),1,1
forsenPls,1,0
BIRB,0,0
Super Punch-Out theCHAMP,1,1
nymnDab,0,0
narwFan DAVE narwFan WAITING narwFan ROOM narwFan .,0,0
MissMoo moon2CUTE,1,0
PogChamp,1,1
NUB NA SMITES,0,0
NORMIE CHECK cmonBruh üëâ ninjaPon NORMIE CHECK cmonBruh üëâ ninjaPon NORMIE CHECK cmonBruh üëâ ninjaPon NORMIE CHECK cmonBruh üëâ ninjaPon NORMIE CHECK cmonBruh üëâ ninjaPon NaM,1,0
This is why moon needs a person chef,0,0
PepePls,1,1
FeelsPointMan ‚òù,0,1
dude jesus fucking christ this chat is horrific dude jesus fucking christ this chat is horrific,-1,-1
KANOJO REMOVED PunOko KANOJO REMOVED PunOko KANOJO REMOVED PunOko KANOJO REMOVED PunOko,-1,-1
NEW CAR,0,0
NOV 6 is my birthday Pog,1,1
?????????????????????????,-1,0
3rd leg cam gachiBASS Clap,1,1
Kapp,0,0
don't overuse monkaS,-1,0
Maybe it rewards being closer since clicking closer in the right direction is more difficult moon2T just a guess tho moon2SHRUG,0,0
Just jump to the second floor with your giant muscles,0,0
LULW,0,1
Kaisa damage monkaS,-1,-1
monkaGun,-1,0
Delet this forsenT forsenGun,-1,0
Pog,1,1
DansGame WRONG VERSION DansGame WRONG VERSION,-1,-1
SELLOUT LUL,1,1
cmonBrother,-1,0
did i forget to resub for a month and really lost the 15 month streak? FeelsBadMan,-1,0
FeelsWeirdMan chat,-1,0
Pog,0,1
7 Tanks in one game POGGERS Healthy meta POGGERS 12 kills in 31 mins POGGERS Thanks riot POGGERS,1,1
moon2N [14138] okays,0,1
POGGERS,1,1
wasnot even alive OMEGALUL,1,1
Squid1 Squid2 POGGERS Squid4,0,0
WHAT IS THIS GAME? BrokeBack,0,-1
@moonmoon_ow How did you meet Eddie and why did you name him that?,0,0
FeelsGoodMan KISS ME,1,1
___ SMOrc only real ORC can build this perfect pyramid SMOrc SMOrc . Try like me !Try like me ! Try like me !! SMOrc SMOrcSMOrc SMOrc And my pyramid still higher!!!!!! SMOrc SMOrc SMOrc SMOrc,-1,0
PepeHands,-1,-1
mtg Pog,0,1
LULW,0,1
NO,-1,0
<3,1,1
sumSmash (_(_) forsenSWA sumSmash (_(_) forsenSWA sumSmash (_(_) forsenSWA sumSmash (_(_) forsenSWA sumSmash (_(_) forsenSWA,-1,0
narwRage GOOD,-1,1
PepeHands,-1,-1
say it TriHard,1,0
4House,0,0
F OMEGAROLL RTINITE,1,0
@TrashBoye which ones,0,0
TURN UP THE MUSIC forsenSWA TURN UP THE MUSIC forsenSWA TURN UP THE MUSIC forsenSWA,1,0
DansGame COME BACK,0,-1
BOTH,0,0
i made soda :),1,1
AYAYA YOSH,1,1
greekBrow GGX RAID greekBrow greekBrow GGX RAID greekBrow greekBrow GGX RAID greekBrow,1,0
Clap,1,1
LULU,0,0
NA NOON,0,0
Tendies?,0,0
Jebaited,1,1
WOW,1,1
120 BILLION Pog,0,1
sodaS sodaS sodaS sodaS sodaC sodaC sodaC sodaC sodaS sodaEMOJI sodaEMOJI sodaMONK sodaSHRUG sodaWipz sodaGN sodaEZ sodaEZ sodaGASP sodaPT sodaGR sodaGL sodaGL sodaFF sodaWat,1,0
boyish giggles,1,0
GG EZ,1,1
LULW,0,1
PepeHands IGNORED,-1,-1
sumSmash IF YOU READ THIS sumSmash YOU MUST SMASH sumSmash YOUR MONITOR sumSmash AND POST THIS sumSmash,0,0
PepeHands billy,-1,-1
"Oh, is he spa- is he spamming one of those little baby precious attention... Ah- G- Hahahahaha! I writed the emote! Hahahhahaha- Twitter! Hihihi- Twitch chat! Hahahahahaehahaha- hey! Try to get some likes on my tweet! Hahahaa! Hahaha! Forsen, Forsen! I'm your number one fan, I get the- I spammed your little- hehaha CD! Hahahahahaha Hihihi Hahaahaha.",-1,1
OMEGALUL,1,1
O-oooooooooo AAAAE-A-A-I-A-U-JO-oooooooooooo AAE-O-A-A-U-U-A-E-eee-ee-eee AAAAE-A-E-I-E-A-JO-ooo-oo-oo-oo EEEEO-A-AAA-AAAA,0,0
forsen1 forsen2,0,0
damm sodapoppin is being a bully FeelsBadMan,-1,-1
STOP PRETENDING FeelsWeirdMan @forsen,-1,0
Farron Keep,0,0
is Kappa a dead emote??,0,0
S W A T,0,0
................saw.......,0,0
PepeHands,-1,-1
LULW,0,1
F,0,0
PLAYSOUNDS ARE BANNED :) PLAYSOUNDS ARE BANNED :) PLAYSOUNDS ARE BANNED :),0,1
GWEEK FeelsGoodMan,1,1
OMEGALUL,1,1
gachiGASM YES SIR,1,0
:whiteflag:,0,0
KKool ‚Å≠,0,0
Wtf,0,-1
Overwatch is the most balanced game ever :) I love getting stunned by brigette all the time its so fun and immersive :),1,1
wow cool skin xqc :),1,1
Target audience LUL,1,1
@sodapoppin watch the latest gameplay from bless online it looks prty cool,1,1
TTours,0,0
SKT BibleThump,-1,-1
$24.99 subscribers can request a song when they first sub or resub. Throw a youtube music link in your $24.99 sub message. (NO METAL / NO WEEB SONGS).,0,0
GP OP PogChamp,1,1
PepePls xqcPls PepePls xqcPls PepePls xqcPls PepePls xqcPls PepePls xqcPls PepePls xqcPls PepePls xqcPls PepePls xqcPls PepePls xqcPls PepePls xqcPls,1,1
"FeelsGoodMan SikhStenine, I love your style B) onredH",1,1
FeelsGoodMan Clap,1,1
Do u see ure chat or no,0,0
monkaOMEGA,0,0
Ëã±ÊñáÂè∞ GMB 2:0 È†òÂÖà‰∫Ü,0,0
pajaS,-1,0
"As a EZ main at a respectably high elo, this game is hard to watch. Literally cringing at some of these mistakes. If you actually want to learn EZ PM me (im gold 3 24lp) I also do coaching",1,0
DUDE 6 STACK,0,0
MMD ?,0,0
DS1 NECKBEARDS STFU NaM DS1 NECKBEARDS STFU NaM DS1 NECKBEARDS STFU NaM DS1 NECKBEARDS STFU NaM DS1 NECKBEARDS STFU NaM DS1 NECKBEARDS STFU NaM DS1 NECKBEARDS STFU NaM DS1 NECKBEARDS STFU NaM DS1 NECKBEARDS STFU NaM DS1 NECKBEARDS STFU NaM DS1 NECKBEARDS STFU NaM DS1 NECKBEARDS STFU NaM DS1 NECKBEARDS STFU NaM DS1 NECKBEARDS STFU NaM DS1 NECKBEARDS STFU NaM,-1,0
NOT PRETENDING LULW,0,1
MORE ANALYSIS,0,0
cmonBruh,0,-1
NA LCS LUL,1,1
he was playing junkrat LULW,1,1
Stoner comp guy in global hahahahaha,1,0
OMEGALUL,1,1
ANELE clap ANELE clap ANELE clap ANELE clap ANELE clap ANELE clap ANELE clap ANELE clap ANELE clap ANELE clap ANELE clap ANELE clap ANELE clap ANELE clap ANELE clap,1,-1
dead mau is trash 2018 LUL,-1,-1
PogChamp,1,1
Where is the dragon spell,0,0
forsenEmote2 Clap,1,1
me :),1,1
<3 FrankerZ,1,1
HACKERSEN LULW,0,1
DEADLY ASSASSIN forsenCD DEADLY ASSASSIN forsenCD,0,0
Pepepains,-1,0
forsenCD,0,0
MOVIE NIGHT Pog,0,1
ËØ¥‰∏§Âè•Âæó‰∫ÜÔºåÂà´‰∏ÄÁõ¥Âà∑Âïä,-1,0
NA LUL,0,1
POG,0,0
@sodapoppin orcs must die unchained with forsen ?,-1,-1
just get 1 stick and 2 diamonds,1,0
Shoulda Rested LUL,1,1
forsenY NOT AGAIN,-1,0
gonna take you 15hours if ustop for everything,0,0
it a song slaves use ro sing @xqc,0,0
16 LUL,1,1
4Head,1,1
cmonBruh,-1,-1
damm,-1,0
@MODS @xQcOW NAME OF SONG PLEASE ANYONE IN CHAT,1,0
!roll20,0,0
SOMETHING FOR YOU TO SLEEP WITH,0,0
EMOTE ONLY MODE forsenSWA EMOTE ONLY MODE forsenSWA EMOTE ONLY MODE forsenSWA .,1,0
TV IN 2018 OMEGALUL,1,1
SMOrc,0,0
D I E,-1,0
ÊîØÈÇ£Ë≥§Áïú,0,0
he didnt mean that literally,0,0
Pog,0,1
BUY ONE Pog,0,1
Squid1 PunOko Squid3 KonCha Squid4Squid1 PunOko Squid3 KonCha Squid4,-1,0
GachiPls CORRUPTED SAVE GachiPls CORRUPTED SAVE GachiPls CORRUPTED SAVE GachiPls CORRUPTED SAVE GachiPls,-1,0
WRONG,0,-1
SO BAD OMEGALUL,-1,-1
forsen3 forsen4,1,0
haHAA,1,-1
AYAYA üëâ <3,0,1
WHAT THE FUCK OMEGAROLL,-1,-1
TriEasy Clap BRIGHTER,1,1
LuL,1,0
Lƒ∞KE,1,1
POGGERS,1,1
MORD TOP HUEHEUHEUHEUE,1,0
moon2L,-1,0
MCDONALDS POGGERS,1,1
D:,-1,-1
monkaW,0,0
TSM won,1,1
OMEGALUL,1,1
OMEGALUL,1,1
Early gamers,0,0
turn off the lights switches in the house,0,0
S OMEGALUL N Y,1,1
!join Pog,0,1
LUL,1,1
Pog,0,1
Clap Clap,1,1
gross please stop,-1,0
"@MOONMOON_OW hey, have you beaten gay gorillaz already? :) im so funny right :)",1,1
moon2N,0,0
4HEad,1,0
Pog,0,1
NA LCS worst major league. LUL TL LUL TSM LUL CLG LUL C9 LUL,-1,1
LULW,1,1
PedoBear üëà PedoBear *boop* PedoBear üëà PedoBear *boop* PedoBear üëà PedoBear *boop* PedoBear üëà PedoBear *boop* PedoBear üëà PedoBear *boop* PedoBear üëà PedoBear *boop* PedoBear üëà PedoBear *boop* PedoBear üëà PedoBear *boop*,1,0
GachiPls ANYWAYS GachiPls ANYWAYS GachiPls ANYWAYS,0,0
CENTER forsenSWA CENTER forsenSWA CENTER forsenSWA ‚Å≠,-1,0
MercyWing1 OWLGenji MercyWing2,-1,0
OMEGALUL,1,1
DO IT ZULUL,1,0
Mercy Kreygasm,0,1
cirLove,1,0
SUPA SOCA ZULUL,1,0
never leave battle stance SMOrc Clap,1,0
REEeee IF YOU DON'T SNUS YOU LOSE REEeee REEeee IF YOU DON'T SNUS YOU LOSE REEeee,-1,-1
FIRE UP THE BASS CANNONS rooEZ,1,0
OMEGALUL,1,1
100% WINRATE POGGERS,1,1
@moonmoon_ow YOU COULD ACTUALLY HAVE SAVED HER IF YOU DIDNT FUCK UP THE DOOR QUESTION OMEGAROLL,1,0
Hats off to Flash Wolves,0,0
@sodapoppin you need a BBC up the arse mate!,-1,0
sodaKEK,1,0
cmonBruh,1,-1
Pog,0,1
FeelsWeirdMan,-1,0
FUNgineer 100%,1,0
She has two dicks,0,0
forsenL üö¨,0,0
9,0,0
I know forsenE,1,0
CHAT JHIN CAN DO BETTER POGGERS,1,1
ANELE,0,-1
xqcArm1 xqcSmile xqcSmile2,1,0
PepeHands,-1,-1
hi :),1,1
NEAT KKona,1,1
S <3 E,1,1
FeelsWeirdMan,0,0
D:,0,-1
moon2GASM,-1,0
TROLL,-1,0
gachiGASM,1,0
EZY Clap,1,1
i made this game :),1,1
gachiGASM forsenWeb,1,0
Pog,0,1
AGANE,0,0
xqcLove chemistry_ow just joined the jungle! xqcLove Thanks so much for subbing xqcCat And supporting the stream! xqcCat,1,0
XD,0,0
that's a piff the magic dragon joke FeelsWeirdMan,-1,0
MrDestructoid DAVE SUB Clap,1,1
WHAT THE FUCK ARE YOU ON BROTHA LULW,-1,-1
Who do i sub to to get a üíø üíøüíøüíøüíøüíø,0,0
rescVV3 rescVV4,0,0
???????????????????????,0,0
WHOAPER ME HENTAI AYAYAY,0,0
Ty <3,1,1
forsenD,0,0
monkaS,-1,0
Lmao,1,1
monkaS,-1,0
"FeelsGoodMan ryyuuz, our relationship is meant to be. Something that was written in the stars and drawn into our destiny <3 onredH",1,1
Could have changed the bottom left banner to include game version as well... BUT NO MONEY IS MORE IMPORTANT,-1,0
forsenPls forsenPls forsenPls,1,0
it was me :) Clap,1,1
LISTEN TO THE PITCH THING PLS @xQcOW LISTEN TO THE PITCH THING PLS @xQcOW LISTEN TO THE PITCH THING PLS @xQcOW,0,0
TRUE LUL,1,1
Pog,0,1
PepeHands SAUCEY PIGEON PepeHands SAUCEY PIGEON PepeHands SAUCEY PIGEON PepeHands SAUCEY PIGEON PepeHands SAUCEY PIGEON,-1,-1
BACK TO THE TREE OMEGALUL,0,1
@MOONMOON_OW weakness disgust me,-1,-1
china numba 1 LUL,1,1
...,0,0
KKomrade,1,0
Can we get some Poggers @Synyster,0,0
SPEAK FRENCH WITH SADURA üò° SPEAK FRENCH WITH SADURA üò° SPEAK FRENCH WITH SADURA üò° SPEAK FRENCH WITH SADURA üò° SPEAK FRENCH WITH SADURA üò°,-1,0
He doesn't only ban plebs though lulWut,0,-1
FeelsWeirdMan GREAT,0,1
Poggers,1,0
7 BTW haHAA,1,-1
"In our effort to bring Judgement to Twitch chat scammers, you can help us make a Decisive Strike with your Courage! If you see a scammer, take a screenshot and open a support ticket!",0,0
NA TALKING forsenOMEGA NA TALKING forsenOMEGA NA TALKING forsenOMEGA,-1,0
ANNNND WE GO AGANE BOYZ,0,0
cmonBruh :Z KappaPride DansGame,-1,-1
OpieOP,1,0
spike death INC,-1,-1
LUL,1,1
12,0,0
@forsen Pog MASS EFFECT TRILOGY Pog MASS EFFECT TRILOGY Pog MASS EFFECT TRILOGY,0,1
Pog,0,1
ATE IT,0,0
DL LUL,1,1
D: audible gasp,0,-1
OMEGALUL,1,1
EZ GG,1,1
Ok this is the one Kappa,1,0
THE HIP,0,0
NEXT,0,0
LUN SINGED,0,0
KKonaW FAKE PRESIDENT ‚Å≠,-1,-1
"WnbHaze, thank you so much for your 13 months of unbroken support to the Snus Brotherhood! forsenDDK forsenWhip",1,0
wutface,0,0
Pog,0,1
I have the high ground,1,0
gachiBASS,1,1
Not pretending PepeHands,-1,-1
HYPERBRUH,0,-1
WOLF AMONG US,0,0
TOO DARK CANT C forsenT TOO DARK CANT C forsenT TOO DARK CANT C forsenT,-1,0
"facedesk96 played the demo couple months ago, just released an hour ago though",1,0
forsenCD CRA IDDO forsenCD forsenCD CRA IDDO forsenCD forsenCD CRA IDDO forsenCD forsenCD CRA IDDO forsenCD,0,0
KS,0,0
FeelsOkayMan PLEBS WHISPER ME YOUR DREAMS FeelsOkayMan PLEBS WHISPER ME YOUR DREAM,0,0
@pajlada :),1,1
EZ,1,1
!followers,0,0
Cx,0,0
NEW PEWDIEPIE VIDEO 3:25 HYPERBRUH NEW PEWDIEPIE VIDEO 3:25 HYPERBRUH,0,-1
FOR THOSE WHO DO NOT KNOW... EVOS WON 3-1 AGAINST SUP HassaanChop HassaanChop HassaanChop HassaanChop SeemsGood SeemsGood SeemsGood SeemsGood .,1,1
do you even know what a tire is,0,0
VIETCONG POWAR BOYSSSS,-1,0
PogChamp ?,1,1
?,0,0
hes dead,-1,-1
CION CIN CIAN,0,0
OMEGALUL,1,1
@MOONMOON_OW that's assuming you unlocked the door,0,0
TriHard Clap,1,1
PS3 OMEGALUL,1,1
chunky Pog,-1,1
CANNIBAL,0,0
i buy it with WoW Gold Keepo,1,1
thats me :),0,1
"Hey Felix! I'm an 84 year old man that just tuned into your stream because I needed something to watch with my 2 year old son, can you not swear? My wife's boyfriend said he'll buy me an Xbox if you don't",0,0
NaM,1,0
AngelThump,1,0
SCOTLAND,0,0
sumSmash FeelsGoodMan sumSmash FeelsGoodMan sumSmash FeelsGoodMan sumSmash FeelsGoodMan sumSmash FeelsGoodMan sumSmash FeelsGoodMan sumSmash FeelsGoodMan sumSmash FeelsGoodMan sumSmash FeelsGoodMan sumSmash FeelsGoodMan sumSmash FeelsGoodMan sumSmash FeelsGoodMan sumSmash FeelsGoodMan,1,1
gachiBASS,1,1
ANELE Clap,1,0
dont eat it lmao,1,1
OMEGALUL,1,1
p-pound town time!? moon2L,0,0
LOUDER moon2C LOUDER moon2C LOUDER moon2C LOUDER moon2C LOUDER moon2C,0,0
gachiBASS,1,1
Jebaited,-1,1
s MercyWing1 PinkMercy MercyWing2,1,0
CRUSTY MUG forsenPls CRUSTY MUG forsenPls CRUSTY MUG forsenPls CRUSTY MUG forsenPls,1,0
ROCK YOU LIKE A HURRICANE,1,0
PepeHands,-1,-1
xqcLove dh_matt just joined the jungle! xqcLove Thanks so much for subbing xqcCat And supporting the stream! xqcCat,1,0
ANY DEVS IN CHAT? :),1,1
VoHiYo Spam VoHiYo RESIDENCE CARD VoHiYo To VoHiYo Help VoHiYo RiotJP VoHiYo,0,1
boatyVV3 boatyVV4,-1,0
moon2SMUG Clap,1,1
moon2M üëá,1,0
forsen3 forsen4,0,0
AUISTM,0,0
@xQcOW 4HOUSE 7,0,0
Kapp,0,0
@forsen check out a game called Furi forsenPls bullethell fighter game Pog ‚Å≠,0,0
gachiBASS,-1,1
LOOOOOOOOOOl,1,0
moon2M üö¨,1,0
forsenKek ‚Å≠,1,0
TriHard Clap,1,1
D OMEGALUL C,1,1
it's not very nice to compile someone's terror of the past into a video and make them watch it guys,-1,0
Man I haven't seen Raz in ages,0,0
WutFace SHARK,-1,-1
‚úì amazW ‚úì krippW ‚úì trumpW ‚úì btsLdW ‚úì reynadW ‚úì kolentoW ‚úì bajW ‚úì btsKotlW ‚úì dewW ‚úì emjaneW ‚úì forsenW ‚úì krippW ‚úì mitchW ‚úì singsingFcuk ‚úì reckW ‚úì sodaW ‚úì btsGodzW ‚úì merliniHappyMerlini ‚úì taymooW ‚úì rtzW ‚úì admiralW ‚úì envySwag ‚úì sumailKappa ‚úì btsMerliniW ‚úì wtrWtR ‚úì dagerDendi ‚úì ppdSalt ‚úì fearGASM ‚úì singsingP ‚úì fluffyW ‚úì ratW ‚úì Pleb test passed,0,0
EZ,1,1
DK RAP Pog,0,1
XQC won‚Äôt see me type JOMEGALULKE,0,1
"the name of graves is wrong, he feeds more than once Kappa",-1,0
!song,0,0
or rogue or whatever she is,-1,0
total biscuit died,-1,-1
D OMEGALUL C,1,1
!Roulette all,1,0
TriHard 7,1,0
OMEGALUL,1,1
Kapp,0,0
OMEGALUL,1,1
D.,0,0
@Skylinex Can you just fuck off? FeelsWierdMan DEFENDING A CHEATER BTW forsenH,-1,-1
pick the Pimp mobile,0,0
BibleThump BibleThump BibleThump BibleThump,-1,-1
WTTTTTFFFFFF,-1,0
reality tv is the bane of modern civilization,-1,0
FEMALE gachiBASS FEMALE gachiBASS,1,1
"@maruit no really, shes ok.. gwyndolin is real hottie here",1,0
üíø OMEGALUL,1,1
LOL,1,0
2 FPS,0,0
evil people don't wear clothes :/,-1,-1
"I can't believe this community, this chat is literally just spam and trash talk. I'd rather watch my favourite streamer Ninja playing Fortnite",-1,0
@zachfactor87 stay mad nerd,-1,-1
woltOkay woltOkay woltOkay woltOkay woltOkay ‚Å≠,1,0
GO GAIN GO AGAIN GO AGAIN GO AAIN GO AGAIN GO AGAIN,0,1
PepeHands,-1,-1
&¬•%%‚Ç¨%_‚Ç¨¬£%¬£‚àö,0,0
#B3,0,0
forsenD forsenO forsenC RAID forsenD forsenO forsenC RAID forsenD forsenO forsenC RAID forsenD forsenO forsenC RAID ‚Å≠,1,0
LEFT PAINTING,0,0
FABFABULOUS---STOMAGED---GBM---ZEITGOD---SNOWFLOWER > ALL,0,0
:D,1,1
FeelsWeirdMan üëâ OMEGAROLL,0,0
Pog LEGENDARY HAMSTER,0,1
Pog,0,1
VERY LARGE NEW LONDO,0,0
CHATS MOVING SO FAST NO ONE WILL KNOW IM GAY,-1,0
nymnS üëâ nanJail,-1,0
gachiBASS Clap,1,1
im from eu but today i need to say na>eu this torunament,0,0
Cheater :CD:,0,-1
SHOW FOOD,0,0
StinkyCheese Clap,1,1
ahahahahahah HEY YOUTUBE!!!,1,0
1/3/1 LUL 1/3/1 LUL 1/3/1 LUL 1/3/1 LUL,1,1
brazil LUL LUL LUL,1,1
"Y is fctfctn not on monkey, he‚Äôs a one trick lmao",0,0
gachiBASS MASTER DONG ‚Å≠,1,1
KHAN LUL,0,1
EU > NA,0,0
forsen1337 BAN forsen1337 ONE forsen1337 NINJA forsen1337 GET forsen1337 THE forsen1337 WHOLE forsen1337 VILLAGE forsen1337,-1,-1
!roulette all,0,0
CREW 2 CLOSED BETA MAY 31 forsenEmote2 @forsen CREW 2 CLOSED BETA MAY 31 forsenEmote2 @forsen,0,0
RAZ PogChamp,1,1
eehm,0,0
Heyitschevy_'s SR is 878 LUL,1,1
EU CROWD,0,0
LPLËèúÈõûËÅØË≥Ω ==,0,0
DROP DE BOMB MAN ZULUL,0,-1
Clap,1,1
"INCEPTION, WATCHING A STREAM OF A FILM, WHILE GUY IN A FILM WATCHES A FILM OMEGALUL",1,1
LUL LUL,1,1
nanDog pajaDog,1,0
meedus,0,0
4Head,1,1
FeelsPointMan,0,0
"Oh, is he spa- is he spamming one of those little baby precious attention... Ah- G- Hahahahaha! I writed the emote! Hahahhahaha- Twitter! Hihihi- Twitch chat! Hahahahahaehahaha- hey! Try to get some likes on my tweet! Hahahaa! Hahaha! Forsen, Forsen! I'm your number one fan, I get the- I spammed your little- hehaha CD! Hahahahahaha Hihihi Hahaahaha Hihihi Hahahaha! Tweet him! Hahaaaa Hahahahahaha!",-1,1
MingLee MingLee MingLee MingLee MingLee MingLee,1,1
peepoHands,0,0
KKool üé∏,1,0
DEV'S SISTER OMEGALUL DEV'S SISTER OMEGALUL DEV'S SISTER OMEGALUL ‚Å≠,1,1
"DO IT, BE A MEN WutFace WutFace WutFace",-1,-1
:tf:,1,0
DansGame,0,-1
DonaldPls ‚Å≠,1,0
NAM HYPERDANSGAME NAM HYPERDANSGAME NAM HYPERDANSGAME,1,0
forsen1 forsoen2,0,0
lulWut,1,0
what wife,0,0
ppHop ppHop ppHop ppHop ppHop ‚Å≠,0,0
OHHHH,0,0
KILLING BIG BOI GIVES HARDER FIGHT OMEGAROLL Are you saying you can only do this on easy mode? lul,-1,-1
racism haHAA,1,-1
I have a yellow lab want me to tweet you a pic? @MOONMOON_OW,0,0
RIP QUEST,-1,-1
cmonBruh rottendam ?,0,-1
LMAO What a fool. You seem lost kid. Go suck some Naruto dicks anywhere but here. Go suck some Boruto dicks while you're at it too Narutard lowlife. Your comment is the most stupid thing I've read all week. I really see no connection between Kono Suba and Naruto to even compare the two of them. Real Naruto fans don't go forum to forum advertising how big/small Naruto's dick is.....,-1,-1
this boss fight was my hardest boss fight,0,-1
0 moon2N,0,0
50 IQ OMEGALUL,1,1
"Dicks are so cute omg(‚ÅÑ ‚ÅÑ‚Ä¢‚ÅÑœâ‚ÅÑ‚Ä¢‚ÅÑ ‚ÅÑ)‚ÅÑ when you hold one in your hand and it starts twitching its like its nuzzling you(/œâÔºº) or when they perk up and look at you like"" owo nya? :3c"" hehe ~ penis-kun is happy to see me!!ÔºàÔºæ„ÉØÔºæÔºâ and the most adorable thing ever is when sperm-sama comes out but theyre rlly shy so u have to work hard!!(‡πë‚Ä¢ÃÄ„ÖÅ‚Ä¢ÃÅ‡πë)‚úß but when penis-kun and sperm-sama meet and theyre blushing and all like ""uwaaa~!"" (Ôæâ¬¥„ÉÆ¬¥)Ôæâ: ÔΩ•Ôæühehehe~penis-kun is so adorable (‚óè¬¥–îÔΩÄ‚óè)„Éª",1,1
ZULUL,1,0
Pog Champ,0,1
6-1,0,0
OMEGALUL,1,1
"WEEB TEST TehePelo IF YOU TOUCH THE LOLI, YOU'RE GOING TO WEEB JAIL‚éù FeelsBadMan",0,-1
STUPID OMEGALUL STUPID OMEGALUL,-1,-1
Read my steam message sodaH,1,0
GreekGodx Waiting Room ResidentSleeperGreekGodx Waiting Room ResidentSleeperGreekGodx Waiting Room ResidentSleeperGreekGodx Waiting Room ResidentSleeperGreekGodx Waiting Room ResidentSleeperGreekGodx Waiting Room ResidentSleeperGreekGodx Waiting Room ResidentSleeper,-1,-1
It displays numbers idiot piffthPiffLUL piffthPiffLUL piffthSexyPiff,-1,-1
cmonBruh,-1,-1
BEARD CANDER monkaMEGA BEARD CANDER monkaMEGA BEARD CANDER monkaMEGA,0,0
farmer boy,0,0
gachiBASS,1,1
PLUG DJ LOBBY NAME??,0,0
DRUG ADDICT forsenSWA DRUG ADDICT forsenSWA DRUG ADDICT forsenSWA,-1,0
mark ruffallo European Buffalo has not had a stand alone hulk movie ü§î,-1,0
KLG LUL,0,1
zrtAllo 4HEader --> 4House zrtAllo 4HEader --> 4House zrtAllo 4HEader --> 4House zrtAllo 4HEader --> 4House,0,0
WTF DansGame,0,-1
WANNA GO M8,0,0
"""Can I survive this?"" - guy who died, probably.",-1,-1
Pog,0,1
AYAYA Clap WEEBS ALWAYS WIN AYAYA Clap,1,1
***,0,0
MORE gachiBASS,1,1
xQcOW 200mg PeepoGlad,0,0
xqcFace ANTI SPOILER SPAM xqcFace ANTI SPOILER SPAM xqcFace ANTI SPOILER SPAM xqcFace ANTI SPOILER SPAM xqcFace ANTI SPOILER SPAM xqcFace ANTI SPOILER SPAM xqcFace ANTI SPOILER SPAM xqcFace ANTI SPOILER SPAM xqcFace ANTI SPOILER SPAM xqcFace ANTI SPOILER SPAM,-1,0
monkaS,-1,0
Pog,0,1
D:,-1,-1
OMG,0,0
CAN SOMEONE EXPLAIN WHY THE TEAM DID THAT?,-1,0
WutFaceW,0,0
actually retarded OMEGALUL,-1,-1
??????????????,0,0
-1,-1,0
@MOONMOON_OW Use the same shitty game engine you've been using for 20 years moon2S,1,-1
D:,-1,-1
monkaOMEGA,0,0
KKool üé∏,1,0
!drop,1,0
NUKA COLA VICTORY Pog TAKE IT Pog NUKA COLA VICTORY Pog TAKE IT Pog .,0,1
they need to make overwatch like other moba games and have 1 per match rules with the heroes,0,1
Yoink TriHard,1,0
SourPls,1,1
TEEMO,0,0
ALLO ZULUL,1,0
LULW,1,1
DansGame YOU DON'T SKIP! @forsen,1,-1
YES TriHard,1,0
moon2M,0,0
GO OUT,-1,0
SMOrc dont kill my brother,-1,-1
ÂêπËµ∑‰πÉ~~~~~~~,0,0
is this guy high rn LOLOL LUL,1,1
no,0,0
Pepepains,0,0
900IQ,0,0
POLISH MY PAN WOMAN GachiPls,-1,0
monkaS,0,0
TriKool,1,0
!roulette all,1,0
KKool,1,0
***,0,0
I drew this :),1,1
HotPokket did you assume my gender? HotPokket,0,0
Pog WTF,-1,1
LULW,0,1
Pog,0,1
HotPokket,1,0
soraka ResidentSleeper,-1,-1
I C forsen1,0,0
KKona Clap,1,1
forsen3 forsen4,0,0
EU HEAL LUL,1,1
moon2M moon2M,1,0
you can change radio station forsen FeelsOkayMan you can change radio station forsen FeelsOkayMan,0,0
OMEGALUL,1,1
TriHard PAINT IT BLACK KKool,1,0
YOU JUST KILLED HER OMEGALUL,-1,-1
"POGGERS TRY IT, WITH NICK POGGERS",1,1
CLOWN FIESTA FeelsAmazingMan,1,1
monkaW,0,0
DEW IT NOW moon2A,-1,-1
@sodapoppin DOTA 2 would be nice <3,1,1
D OMEGALUL C ‚Å≠,1,1
gachiBASS Clap,1,1
Never did moon2N,0,0
Pog ACTUALLY GOOD SONG Pog ACTUALLY GOOD SONG Pog ACTUALLY GOOD SONG Pog ACTUALLY GOOD SONG,1,1
NaM Nam nation NaM,0,0
ZULOL WE WON,1,1
THATS FINE <333333333333,1,1
PepePls PepePls,1,1
TL DOES NOT REPRESENT NA DUE TO THE FACT THAT 4 OF THEM ARE ASIAN,-1,0
@forsen LOOK AT THE NUMBER OF SPOTS ON THE HATS NEXT TO THE ITEMS IN THE SHEF !!!!!!!!!!!!!!!!!,0,0
R U,0,0
??????????????????????,0,0
forsenE,0,0
VOTE NETHERLANDS RETARDS KKool Clap VOTE NETHERLANDS RETARDS KKool Clap ‚Å≠,-1,1
D:,-1,-1
DO IT,0,0
PepeHands,-1,-1
TL OMEGALUL,1,1
i mean just play by yourself man,0,0
gachiBASS Clap gachiBASS Clap gachiBASS Clap gachiBASS Clap gachiBASS Clap gachiBASS Clap gachiBASS Clap gachiBASS Clap gachiBASS Clap gachiBASS Clap gachiBASS Clap gachiBASS Clap gachiBASS Clap gachiBASS Clap gachiBASS Clap gachiBASS Clap gachiBASS Clap gachiBASS Clap gachiBASS Clap gachiBASS Clap,1,1
Back in my day we had a little thing called loyalty but now all anybody cares about is bubble gum that tastes like fruit salad and sticking their peckers in warm mac n cheese,0,1
"Check out the fan art gallery with creations from Moonmoon‚Äôs awesome community! All pictures are credited to the person‚Äôs twitter handle, be sure to check them out! üåô ¬≤ https://www.dropbox.com/sh/kkxcb9pcwqppb25/AACAHFqJJ0ontDZxYi0kr04Da?dl=0 üåô ¬≤ Last updated 4/20/18",1,1
@Greekgodx FeelsWeirdMan üëâ üö™,-1,0
forsenE,1,0
Pog,0,1
Can somebody fuck me in the ass ?,-1,-1
TWITCH STAFF sodaMONK sodaMONK,-1,0
Pepepains oof,0,0
@forsen i came for BOOBY STREAM üò°,-1,0
OMEGALUL,1,1
forsenCD forsenCD forsenCD forsenCD,0,0
Kreygasm,0,1
PROOOOIZE,0,0
PepeHands GODLUL,-1,-1
I DEMAND MORE MEMEMS SwiftRage,-1,0
KALISTA?,0,0
HandsUp,0,0
POG,0,0
!roll20 moon2N 4 i guess,1,0
TriHard 7,1,0
OMEGALUL,1,1
!uptime,0,0
CTRL+W TO FUCKING CUMMING gachiGASM CTRL+W TO FUCKING CUMMING gachiGASM,1,0
DO IT,0,0
pog,0,0
forsenV1 Clap,1,1
PepePls,1,1
Kappa,0,0
MonkaS,0,0
OP CHAMP LUL,1,1
EZ Clap,1,1
GHOST OF 77777777777777777,0,-1
Pog www com Pog www com,0,1
woo OMEGALUL,1,1
yes,1,0
146hp caps so close,0,0
pepeHands üåà,-1,0
forsenPls,1,0
OMEGALUL,1,1
alien isolation,0,-1
CUCK,0,0
‚Äî‚Äî‚Äî‚Äî‚Äî‚Äî‚Äî‚Äî‚Äî‚Äî‚Äî‚Äî‚Äî‚Äî‚Äî‚Äî‚Äî‚Äî‚Äî‚Äî‚Äî‚Äî‚Äî forsenCD . o 0 ( üê¨:cd: 4HEad ) BOYISH GIGGLES OMEGALUL ‚Äî‚Äî‚Äî‚Äî‚Äî‚Äî‚Äî‚Äî‚Äî‚Äî‚Äî‚Äî‚Äî‚Äî‚Äî‚Äî‚Äî‚Äî‚Äî‚Äî‚Äî‚Äî‚Äî‚Äî,1,-1
FeelsAmazingMan THATS WHY WE LOVE YOU DAD FeelsAmazingMan THATS WHY WE LOVE YOU DAD,1,1
SO FUCKING BLIND LUL,-1,0
THE COUNCIL PLAYTHROUGH? POGGERS,1,1
moon2L,0,0
i aint goin back to jail,-1,0
forsenCD Clap,1,1
MercyWing1 AYAYA MercyWing2 XCHOCOBARS RAID,1,0
LUL,1,1
PepePls,1,1
BLACKLIST moon2A WE SHOUL NOT BE ANGRY BLACKLIST moon2A WE SHOUL NOT BE ANGRY BLACKLIST moon2A WE SHOUL NOT BE ANGRY BLACKLIST moon2A WE SHOUL NOT BE ANGRY BLACKLIST moon2A WE SHOUL NOT BE ANGRY BLACKLIST moon2A WE SHOUL NOT BE ANGRY BLACKLIST moon2A WE SHOUL NOT BE ANGRY,-1,-1
forsenE,1,0
"call iflygo, he's crying PepeHands call iflygo, he's crying PepeHands call iflygo, he's crying PepeHands call iflygo, he's crying PepeHands call iflygo, he's crying PepeHands ‚Å≠",-1,-1
???????????,0,0
Wow that weapon seems a little busted lulWut,-1,0
supportbtw,1,0
RebeccaBlack RareSoda RebeccaBlack RareSoda RebeccaBlack RareSoda RebeccaBlack RareSoda RebeccaBlack RareSoda RebeccaBlack RareSoda RebeccaBlack RareSoda,0,0
SMOrc Clap,1,1
JUST DONT GO ON IT LOOOOOOOL 4Head,0,1
TriHard,1,0
NOOOO,-1,0
TriHard TriHard TriHard TriHard TriHard TriHard TriHard TriHard TriHard TriHard TriHard TriHard TriHard TriHard TriHard TriHard TriHard TriHard TriHard TriHard TriHard TriHard TriHard TriHard KAPOW,1,0
@TAG_ME_WHEN_OH_MY_GOD,1,0
7777777777777777,0,0
monkaS,-1,0
üò° READ THE DONO,-1,0
Pog,-1,1
FeelsAmazingMan üî´,1,0
Clap2 POGGERS,1,1
FeelsGoodMan Clap,1,1
Kounter logic gaming PogChamp,1,1
MingLee Clap,1,1
4HEad,0,0
bootylovah_ is having beef stew for dinner!,1,0
JUST WRITE THE NUMBERS,0,0
sheevius_memeius nice badge ppHop,0,1
LUL,1,1
NA GOTTA RECRUIT ASIAN/EUROPEAN PLAYERS!,1,0
jokes on you im on disability,0,0
moon2C,1,0
SCOTLAND,0,0
GachiPls ! CURSED ! GachiPls ! CURSED ! GachiPls ! CURSED !,-1,0
POGGERS,1,1
Gravity LuL,1,0
FATTLESS,0,0
FeelsBadMan SPAM FeelsBadMan THIS FeelsBadMan PEPE FeelsBadMan TO FREE FeelsBadMan monka FeelsBadMan 1,-1,-1
TriHard,1,0
gachiBASS COME ON,0,1
Dat damage,0,-1
1ult= 1 flash LUL,1,1
everyone does LUL honestly sameeee,1,1
NO,0,0
Pepepains,-1,0
UNLIMITEDDDD POOOOOOWEEEEEEEERR moon2M,0,0
forsenT,0,0
PepePls,1,1
wixS1 wixS2 wixS3 wixS7 wixS8 wixS9,0,0
ragnarok online?,0,0
!roulette 1000,0,0
"NA healthcare 4Head NA teeth 4Head NA 45/100 EU Players 4Head 45/100 ASIAN players 4Head 10/100 NA players 4Head Im from NA, can confirm, my teeth fell out at mcdonalds 4Head ,123,vessu",1,1
Burgers I eat all day EleGiggle League of legends I cannot play EleGiggle EU midlaners I have to pay EleGiggle Proper healthcare is far away EleGiggle You guessed it right EleGiggle Im obese and from NA EleGiggle,-1,0
cmonBrother,0,0
save some dignity for the rest of us,0,1
4House Clap,1,1
:),1,1
gachiBASS,1,1
@iraqlobster01 moon2S,0,0
gachiBASS,1,1
fdsafsda,0,0
OBIWAN,0,0
RUINED,-1,-1
now every level is an ice level :),1,1
fuck off,-1,-1
@forsen HE WAS ON GREEKS PODCAST AND THEY TROLLED HIM SAYING THAT HE WAS TRANSGENDER,0,0
gachiBASS Clap DOES THIS EVER END gachiBASS Clap,1,1
ANYWAYS PepeHands,-1,-1
P COGGERS G,-1,0
ZULUL,1,0
FeelsOkayMan üö¨ üí®,0,0
: TriHard only real trihard can build this perfect pyramid TriHard TriHard . Try like me !Try like me ! Try like me !! TriHard TriHard TriHard And my pyramid still higher!!!!!! TriHard TriHard TriHard,1,0
Pog,0,1
PepeHands ANCIENT FORSEN PepeHands ANCIENT FORSEN PepeHands ANCIENT FORSEN PepeHands ANCIENT FORSEN .,-1,-1
what was the name of that song tho!!,0,0
i did :),1,1
"As a teemo main at a respectably high elo, this game is hard to watch. Literally cringing at some of these mistakes. If you actually want to learn teemo PM me (im gold 3 24lp) I also do coaching",0,0
@moonmoon_ow are you new to videogames?,0,0
FAKER LUL,-1,1
LUL,1,1
F,0,0
OMEGALUL,1,1
moon2H,1,0
is that Gru from Despicable Me,0,0
WHAM,0,0
Clap,1,1
forsenS,0,0
OMEGALUL Clap ‚Å≠,1,1
PRESS l,0,1
@getum186 KonCha,1,1
"DeadlyToxics, cirHi",-1,0
PepeHands PepeHands PepeHands,-1,-1
Champ chat please help me i have 3 mouths Pog Pog Pog,0,1
"Check out the fan art gallery with creations from Moonmoon‚Äôs awesome community! All pictures are credited to the person‚Äôs twitter handle, be sure to check them out! üåô ¬≤ https://www.dropbox.com/sh/kkxcb9pcwqppb25/AACAHFqJJ0ontDZxYi0kr04Da?dl=0 üåô ¬≤ Last updated 5/20/18",1,1
ZERO HOOTS GIVEN,0,0
ACTION IS COMING ZULUL ACTION IS COMING ZULUL,0,0
SO BAD LULW,-1,-1
...,0,0
@jezuXD jayzix,0,0
OMEGAROLL,1,0
HYPERBRUH,0,-1
Just play fortnite,0,0
YES SIR gachiBASS Clap,1,1
"i need to pee badly, but im afraid i will miss something good",0,0
@sodapoppin give wow pvp a quick try please,1,1
ZULUL,1,0
üíø Clap,1,1
AYAYA HYPERAYAYA AYAYA HYPERAYAYA AYAYA HYPERAYAYA AYAYA HYPERAYAYA AYAYA HYPERAYAYA AYAYA HYPERAYAYA AYAYA HYPERAYAYA AYAYA HYPERAYAYA AYAYA HYPERAYAYA AYAYA HYPERAYAYA TriHard,1,1
MASTER sodaRAGE,-1,0
Pog,1,1
moon2N,1,0
damn its freezing alot,-1,0
You can‚Äôt win,-1,1
@JaredLB @JaredLB @JaredLB vellusEZ,0,0
mace to the face haHAA 4Gitte,-1,-1
monkaW,0,0
R U,0,0
Suicide test! If the arms touch your name kill yourself. ‚éù moon2N ‚é† i guess,-1,-1
moon2LURK,-1,0
gachiBASS gachiBASS,1,1
HECKA MAD moon2A,-1,-1
the cops didn't shoot xqc only because he is white,-1,0
why is he wearing a purple suit with a white tie and no shirt underneath? Kappa,0,0
OMEGALUL,1,1
monkaS,-1,0
haHAA,1,-1
__‚ñë‚ñë‚ñë‚ñà‚îÄ‚îÄ‚îÄ‚îÄ‚îÄ‚îÄ‚îÄ‚îÄ‚îÄ‚îÄ‚îÄ‚îÄ‚îÄ‚ñà‚îÄ‚îÄ‚ñÄ‚îÄ‚îÄ ‚ñë‚ñë‚ñë‚ñë‚ñì‚ñà‚îÄ‚îÄ‚îÄ‚îÄ‚îÄ‚îÄ‚îÄ‚ñÑ‚ñÑ‚ñÄ‚ñÄ‚ñà‚îÄ‚îÄ‚îÄ‚îÄ‚îÄ‚îÄ ‚ñë‚ñë‚ñë‚ñë‚ñí‚ñë‚ñà‚îÄ‚îÄ‚îÄ‚îÄ‚ñÑ‚ñà‚ñí‚ñë‚ñë‚ñÑ‚ñë‚ñà‚îÄ‚îÄ‚îÄ‚îÄ‚îÄ ‚ñë‚ñë‚ñë‚ñë‚ñë‚ñë‚ñë‚ñÄ‚ñÑ‚îÄ‚ñÑ‚ñÄ‚ñí‚ñÄ‚ñÄ‚ñÄ‚ñÑ‚ñÑ‚ñÄ‚îÄ‚îÄ‚îÄ‚îÄ‚îÄ ‚ñë‚ñë‚ñë‚ñë‚ñë‚ñë‚ñë‚ñë‚ñë‚ñà‚ñí‚ñë‚ñë‚ñë‚ñë‚ñÑ‚ñÄ‚îÄ‚îÄDO‚îÄ‚îÄ‚îÄ ‚ñí‚ñí‚ñí‚ñë‚ñë‚ñë‚ñë‚ñÑ‚ñÄ‚ñí‚ñë‚ñë‚ñë‚ñë‚ñÑ‚ñÄ‚îÄ‚îÄ‚îÄYOU‚îÄ‚îÄ ‚ñì‚ñì‚ñì‚ñì‚ñí‚ñë‚ñà‚ñí‚ñë‚ñë‚ñë‚ñë‚ñë‚ñà‚ñÑ‚îÄ‚îÄ‚îÄ‚îÄLIKE‚îÄ‚îÄ ‚ñà‚ñà‚ñà‚ñà‚ñà‚ñÄ‚ñí‚ñë‚ñë‚ñë‚ñë‚ñë‚ñà‚ñë‚ñÄ‚ñÑ‚îÄ‚îÄ‚îÄWHAT‚îÄ‚îÄ ‚ñà‚ñà‚ñà‚ñà‚ñà‚ñí‚ñí‚ñë‚ñë‚ñë‚ñí‚ñà‚ñë‚ñë‚ñë‚ñÄ‚ñÑ‚îÄ‚îÄ‚îÄYOU‚îÄ‚îÄ ‚ñà‚ñà‚ñà‚ñì‚ñì‚ñí‚ñí‚ñí‚ñÄ‚ñÄ‚ñÄ‚ñà‚ñÑ‚ñë‚ñë‚ñë‚ñë‚ñà‚îÄ‚îÄSEE‚îÄ ‚ñì‚ñà‚ñà‚ñì‚ñí‚ñí‚ñí‚ñí‚ñí‚ñí‚ñí‚ñí‚ñí‚ñà‚ñë‚ñë‚ñë‚ñë‚ñà‚îÄ?-‚ñì‚ñì‚ñà‚ñì‚ñí‚ñí‚ñí‚ñí‚ñí‚ñí‚ñì‚ñí‚ñí‚ñà‚ñë‚ñë‚ñë‚ñë‚ñë‚ñà‚îÄ‚îÄ‚îÄ‚îÄ ‚ñë‚ñí‚ñí‚ñÄ‚ñÄ‚ñÑ‚ñÑ‚ñÑ‚ñÑ‚ñà‚ñÑ‚ñÑ‚ñÄ‚ñë‚ñë‚ñë‚ñë‚ñë‚ñë‚ñë‚ñà// :),1,0
LUL,1,1
wait i want to join :(,0,0
AYAYA,0,1
bambiiii,0,0
go to the store and get the swimsuit gachiBASS Clap @forsen,1,1
OMEGALUL Clap,1,1
OMEGALUL ‚Å≠,1,1
KKomrade,0,0
IM MAD CHAT !,-1,-1
TL RIP,-1,-1
THATS THE SEX NUMBER,0,0
@forsen ''$100 million for tournament prize pools in the first year of competitive play'',0,1
@TJT811 ‚ôø,0,0
1 pepeClap,-1,0
HYPERBRUH CHAT,-1,-1
Jebaited,-1,1
"THIS FAT FUCK IS OUT SLAYING GODDESSES AND BASICALLY YOU'RE JUST A DEX BABY, CLICK THIS MAN moon2M TO LEARN HIS SECRETS",-1,-1
TriHard,1,0
4,0,0
YOU NEED TO RESTART,0,0
Champ,1,1
Moon. It‚Äôs Saturday. I‚Äôm in Georgia and can‚Äôt smoke weed. Plz hangout,-1,0
",HAYƒ∞N DOMDOM UZƒ∞",0,0
A M I I B OMEGALUL,1,1
forsen1 I C BAJS,0,0
fuck yeah shes the best,1,1
Kreeygasm,0,0
"NA TSM PogChamp PogChamp PogChamp EU TSM WITH ZVEN, MITHY FailFish FailFish FailFish.",1,1
MEGA GRAV,0,0
THE GAP IS CLOSING,1,0
worst yasuo world,-1,-1
MercyWing1JUICE,0,0
trash game trash player,0,0
ANTI ADVICEFAG SPAM KKonaW ANTI ADVICEFAG SPAM KKonaW ANTI ADVICEFAG SPAM KKonaW ANTI ADVICEFAG SPAM KKonaW,-1,0
SAVE HIM PepeHands,-1,1
sheild bash being removed is the only way to balance her ass,-1,-1
xqcLove carno3123 is staying in the jungle! xqcLove Thanks so much for subbing xqcCat And supporting the stream! xqcCat,1,0
!roulette 1%,0,0
@forsen STATE OF DECAY IS SHIT 6,-1,-1
monkaS,-1,0
RarestParrot,0,0
@Immersions_OW smile like this moon2S not like this :) now,1,1
Pog,0,1
Pog,0,1
TriHard,1,0
LUL,1,1
SHUTUP AND LET ME CUM IN YOU BITCH @MOONMOON_OW,-1,-1
Just go back OMEGALUL,1,1
69 Kappa,-1,0
PepePls,0,1
Clap,1,1
forsenCD MY ROCKET,0,0
CX,0,0
MY WIFE NOW nanCD,-1,0
WORST ENDING LULW,-1,-1
DETROIT cmonBruh TriHard,0,-1
TIME FOR SNUS,0,0
Got‚Äôem,0,0
Don't drink the water WutFace,-1,-1
EZ farm,1,1
@Cent D:,0,-1
!roulette all,0,0
ANELE,0,-1
DUMBLEDOGE > ALL,0,0